transactionAmount,deviceNew,unusualLocation,failedAttempts,transactionsLastHour,accountAgeDays,fraud
37516.56,1,0,1,1,88,1
14372.4,0,0,2,3,857,0
61224.1,0,0,0,3,832,0
86008.05,0,0,0,3,898,0
44071.23,0,0,0,3,1414,0
56813.26,0,1,1,7,879,1
35739.66,0,0,0,3,648,0
81564.6,0,0,1,1,135,0
45000.12,0,0,2,4,1029,0
77119.62,0,0,1,1,743,0
56371.23,0,0,1,5,1013,0
80386.84,0,1,3,1,633,1
86086.99,0,0,1,1,1398,0
55854.39,0,0,0,3,952,0
60995.48,0,0,0,2,730,0
24281.32,0,0,0,5,609,1
50869.06,0,1,0,3,489,1
38734.86,1,0,0,3,144,0
55564.56,0,0,0,5,1155,0
40510.36,1,1,3,4,822,1
99446.3,0,0,1,4,955,0
26593.72,0,1,1,5,816,1
2529.17,0,0,3,0,280,0
55321.22,0,1,0,2,1347,1
55724.45,1,0,1,3,1410,1
84882.11,0,0,1,3,903,0
79849.69,0,0,2,1,727,0
32882.45,0,1,2,0,1078,1
32732.46,1,0,3,2,656,0
51678.4,0,0,0,1,741,0
8179.21,0,0,0,3,488,0
63863.23,0,0,1,0,154,0
75808.83,0,0,0,0,958,0
47469.97,0,0,1,4,1247,0
93350.29,0,0,4,4,957,1
94152.33,0,1,1,1,1277,1
68332.38,0,0,1,2,1099,0
73533.6,1,0,0,6,1214,1
23935.83,0,0,0,3,397,0
38981.25,0,1,0,5,1123,1
55414.93,0,1,1,4,733,1
11794.99,0,0,1,2,946,0
14745.82,0,0,3,5,167,1
90644.8,0,0,0,1,476,0
82296.76,0,0,0,2,929,0
96325.93,0,1,0,3,1251,1
7635.91,0,0,0,6,358,0
62051.25,0,0,1,1,41,1
45378.76,0,0,1,1,1277,0
41722.24,0,1,0,3,374,0
98728.89,0,0,2,3,823,0
81308.81,1,1,3,2,51,1
20802.04,1,0,0,1,250,0
77254.61,0,1,1,2,1327,1
78488.36,0,1,3,2,1332,1
45145.95,1,0,1,4,69,0
49312.55,0,0,0,1,1207,0
40090.02,0,0,1,5,1490,1
17783.35,0,0,1,3,249,0
68809.69,0,0,1,2,719,0
92411.77,0,0,2,1,1027,0
51216.58,0,0,1,2,714,0
84086.93,0,0,0,3,1170,0
53756.94,0,0,1,3,315,0
60616.9,0,0,0,1,843,0
80605.9,0,1,0,0,229,0
11292.69,0,1,2,4,1459,0
20587.25,1,0,0,4,139,0
32132.15,0,0,1,3,1343,0
76046.76,0,0,1,6,513,0
57489.86,1,0,1,1,5,1
63412.48,1,0,2,6,1007,1
54400.93,1,0,0,3,1039,0
49592.82,0,0,4,4,1183,0
45754.32,0,0,1,2,627,0
54318.17,0,0,0,5,141,1
10169.38,0,0,1,2,127,0
57671.21,0,0,3,3,825,1
31213.28,0,0,1,3,244,0
91993.58,0,0,1,2,664,0
16634.78,0,0,1,1,1073,0
96110.92,0,0,0,3,215,0
79998.22,0,0,1,5,1137,1
56008.07,0,0,2,3,1202,0
40857.65,0,0,0,5,1288,1
24392.9,0,1,1,2,944,1
63360.75,0,1,0,7,1143,1
62452.48,0,0,1,4,128,1
48529.36,0,0,1,3,29,1
27303.5,0,1,0,4,342,1
90011.86,1,0,2,4,1020,0
18518.65,0,0,0,8,1336,0
3215.2,0,0,0,4,713,0
41338.08,0,0,1,1,1459,0
59064.04,0,0,1,3,216,0
63931.04,1,0,3,1,47,1
58867.55,1,0,1,2,827,0
47474.0,1,1,0,1,1183,1
56111.65,0,1,1,5,1185,1
61624.73,0,0,1,7,245,1
58117.65,0,0,0,3,1453,0
28795.18,0,0,0,0,585,0
39223.85,0,1,1,7,1334,1
51317.58,0,0,0,3,1071,0
51874.21,0,0,0,6,1113,1
58050.61,0,1,0,6,955,1
25339.64,0,0,0,4,1138,0
48110.6,0,1,0,5,353,1
16123.97,0,0,1,5,426,1
33578.37,0,0,2,0,1248,0
32710.71,0,0,1,2,1479,0
96302.9,0,0,1,2,731,1
77121.33,0,0,0,3,716,0
13095.62,1,0,0,4,1454,0
94435.93,0,1,2,3,849,0
3227.1,0,1,3,4,1009,0
36915.78,1,0,1,6,693,1
96754.38,0,0,0,4,956,0
58238.94,0,0,0,1,274,0
39614.95,1,0,4,2,1070,1
49938.93,0,0,1,2,589,0
39752.64,0,0,2,1,317,0
3255.46,1,0,2,4,1108,0
59787.84,1,0,0,3,909,1
61612.63,0,0,2,0,914,0
33298.23,0,0,0,2,1231,0
46316.03,1,0,1,3,947,1
43917.68,0,0,2,3,1261,0
83616.21,0,0,1,4,553,0
87087.92,0,0,0,2,28,1
65707.99,0,0,0,3,270,0
44932.88,0,0,1,3,1131,0
66414.07,0,1,3,1,969,1
93666.91,0,0,2,1,490,0
48041.72,0,0,0,4,1318,0
3094.36,0,0,0,3,1376,0
96338.35,0,0,1,0,1169,0
86474.42,1,0,4,3,704,1
97719.7,0,1,2,5,1001,1
86903.17,0,0,1,4,1441,0
37387.85,0,0,2,4,629,0
10980.94,0,0,0,5,21,1
855.53,0,1,0,3,1358,0
25751.98,0,0,2,3,1369,0
12409.94,1,0,0,2,952,0
48406.21,1,0,0,6,10,1
36141.17,1,0,1,6,1463,1
16884.62,0,1,0,1,419,0
54715.07,0,0,1,3,1398,0
72479.23,0,0,2,5,1377,1
35564.13,0,0,0,5,381,0
19113.45,0,0,0,4,453,0
69031.49,0,0,0,6,348,0
2100.63,0,0,0,2,456,0
12858.58,1,0,1,2,341,0
23981.63,0,1,0,5,244,1
93066.46,0,1,1,4,1429,1
15463.74,0,1,2,3,336,0
17566.38,0,0,0,1,994,0
23331.88,0,0,0,5,43,1
65055.09,0,0,1,2,1080,0
43090.68,0,0,1,3,785,0
22158.18,0,0,3,4,598,0
24933.17,0,0,2,2,242,0
19965.74,0,0,1,3,510,0
32535.13,0,0,1,7,29,1
93038.86,0,0,2,3,1197,1
73769.63,0,0,0,2,408,0
3653.53,0,0,4,4,138,0
8308.95,1,0,2,1,1406,0
7018.51,1,0,1,2,781,0
74832.51,1,0,0,3,846,1
61332.66,1,0,0,3,1246,0
84666.78,1,0,1,5,235,1
54001.67,0,0,1,3,278,0
59075.73,0,0,2,3,129,0
88156.93,0,0,2,6,234,0
3627.6,0,0,1,1,1015,0
50254.82,0,0,2,2,871,1
61996.97,0,0,0,3,336,0
70324.05,0,0,1,0,915,0
7798.12,0,0,3,2,1207,0
37205.06,0,1,2,3,399,1
83996.25,0,0,1,2,254,0
69797.3,1,0,0,3,49,1
93741.59,0,0,0,3,809,0
61061.49,0,0,2,1,1244,0
27633.67,1,1,1,2,1252,1
6359.06,1,0,1,2,1227,0
56060.8,1,0,1,4,984,1
30939.0,1,1,0,0,629,1
25171.57,1,0,1,2,177,1
8264.36,0,0,0,6,344,0
11282.4,0,1,2,4,744,0
87970.23,1,0,2,0,1278,1
28314.85,0,0,1,1,709,0
20456.27,0,0,2,4,468,0
16686.83,0,0,1,2,613,0
82055.71,0,0,2,4,670,0
16678.89,1,0,0,0,131,0
71963.43,1,0,1,5,943,1
31474.67,0,1,2,1,1441,1
14283.0,0,0,2,5,272,1
31560.47,0,0,0,2,640,0
69445.64,0,0,0,0,949,0
93836.65,1,0,2,3,888,1
22750.37,0,0,1,1,424,0
91815.85,0,1,0,3,1351,1
55962.56,0,0,1,1,676,1
24265.19,0,0,0,3,68,0
87738.45,0,0,2,3,494,0
52192.42,0,1,1,3,728,0
2611.68,0,0,2,2,533,0
59210.55,0,0,1,6,1111,1
89158.85,0,0,2,4,1456,0
20778.56,0,0,0,1,892,0
46338.91,0,0,1,4,183,0
49405.3,0,1,0,2,1356,0
67127.21,0,0,0,4,1005,0
4151.82,1,0,2,2,1137,0
8109.98,0,1,2,1,210,0
11662.19,0,0,2,6,986,0
80821.46,0,0,1,3,73,1
78919.62,0,0,3,3,1404,1
37517.83,0,0,0,2,1226,0
63726.54,0,0,1,3,1228,0
10615.39,0,1,0,3,1454,0
38859.88,0,0,1,2,170,0
47453.24,0,1,1,2,1008,0
98012.89,0,0,0,4,762,0
34310.55,0,1,1,2,1135,0
20810.17,1,0,0,4,517,0
54348.16,0,1,2,3,977,1
46731.53,0,1,2,4,1240,1
60614.95,1,0,2,6,941,1
84712.19,1,0,2,2,480,0
3151.89,1,0,2,5,794,0
29532.48,0,0,2,6,1289,0
28105.41,0,0,0,4,83,0
30026.61,0,0,2,1,111,0
86353.74,0,0,0,1,1255,0
22680.3,0,1,1,3,1470,1
82161.06,0,0,1,2,1054,0
14373.31,1,0,1,2,1465,1
51161.8,0,0,1,1,325,0
8363.27,1,1,0,6,691,1
68733.22,0,0,2,6,533,1
63470.54,1,0,1,2,227,1
5330.27,1,0,2,4,1197,0
39533.96,1,0,2,3,235,1
5903.39,0,0,0,1,1126,0
2030.83,0,0,1,2,171,0
4261.52,0,0,1,1,175,0
12108.7,0,0,0,4,555,0
54883.37,1,0,2,2,616,1
22900.71,0,0,1,3,608,0
64494.66,0,0,0,5,461,0
63631.88,0,0,0,3,559,0
69030.97,0,1,1,0,946,1
76132.72,0,1,4,2,1117,1
89777.7,0,0,2,2,1276,0
71201.11,1,0,0,2,886,1
1517.59,1,0,0,7,833,0
78156.75,1,0,3,3,170,1
84819.4,0,0,1,2,1289,1
99009.63,1,0,1,2,1383,1
35776.4,1,0,1,2,1428,1
50645.19,0,0,0,2,733,0
71944.07,0,0,0,3,154,0
42002.85,1,0,1,2,615,1
63640.64,0,0,2,1,1188,0
77135.17,0,0,2,1,254,0
53248.97,0,0,0,2,1109,0
23118.62,0,0,1,5,537,1
27216.71,0,0,2,3,938,0
16815.4,1,0,1,2,153,1
56053.16,1,0,0,3,1447,1
92107.35,0,0,1,3,1332,1
11975.55,1,0,1,3,1476,0
2616.82,1,0,2,5,193,1
48278.21,0,1,2,6,840,1
62524.92,0,1,1,1,113,1
39129.14,0,0,2,3,19,1
7303.9,0,0,3,7,202,1
97070.59,0,0,2,2,778,0
74042.12,0,0,1,3,553,1
59944.55,0,0,0,0,1158,0
67635.03,0,0,0,4,266,0
21387.19,1,0,2,1,301,1
25384.84,0,1,1,3,370,0
32771.76,1,0,3,4,212,1
65434.01,1,0,1,1,299,1
6346.38,0,0,2,7,833,0
98767.19,0,0,1,5,1211,1
63061.7,0,0,1,2,63,1
44447.55,0,0,1,2,823,0
1248.1,0,1,0,8,140,0
51549.07,0,0,0,6,1386,1
23255.18,0,1,0,5,414,1
61093.62,0,0,0,2,1425,0
86310.94,0,0,0,5,1020,1
11929.66,0,0,0,2,1406,0
61668.42,0,0,1,3,141,0
63178.75,0,0,1,1,1306,0
11517.15,1,0,3,4,794,1
1096.88,0,0,3,3,962,0
48486.01,0,0,1,2,518,0
54221.92,1,0,1,5,3,1
37316.07,0,0,1,2,1259,0
84248.32,0,0,0,1,1160,0
54848.43,0,0,2,3,895,0
75022.78,1,0,2,3,1293,0
38682.58,0,0,3,3,371,0
65985.13,1,0,1,4,1402,1
65505.44,1,0,2,5,575,1
41582.57,1,1,3,3,77,1
84502.65,0,0,0,2,799,0
67458.46,0,0,1,5,508,1
23278.62,0,0,2,8,683,1
13929.71,0,0,1,4,1137,0
93999.19,0,1,1,4,571,1
64899.03,0,0,2,4,1428,0
2594.13,0,0,1,7,876,0
5293.74,0,0,0,7,1205,0
88469.87,0,0,0,5,380,1
97536.78,1,1,1,1,364,1
47547.6,0,1,0,3,584,0
27909.01,1,0,0,1,39,1
35434.3,0,1,0,4,790,0
30311.71,0,1,0,2,1379,1
17506.92,1,0,2,2,1113,0
66754.51,1,1,0,5,1106,1
65639.9,0,0,1,3,224,1
19722.28,1,0,1,3,845,0
14208.23,0,0,0,1,738,0
60424.71,0,0,1,5,308,1
22128.38,0,1,0,1,639,0
5446.09,0,0,0,2,1352,0
4101.91,0,0,0,4,1026,0
51340.92,0,1,1,3,849,1
61551.4,1,0,1,0,417,0
92845.51,1,0,1,4,1214,1
61116.0,0,0,2,5,493,0
52521.09,1,0,0,0,1139,1
4245.77,0,0,1,4,177,0
96339.7,0,0,3,1,796,1
34404.33,1,1,0,2,137,1
71042.25,0,0,2,0,630,0
75142.6,1,0,3,0,460,1
25020.87,0,1,0,3,1270,1
18544.78,0,0,1,4,948,0
63260.59,0,0,0,0,1388,0
65900.27,1,1,2,2,503,1
78020.83,0,0,0,2,752,0
70000.55,0,1,0,5,606,1
96975.39,0,0,0,1,1463,0
98944.23,0,0,3,3,602,1
83475.64,0,1,1,3,415,1
93262.23,0,1,1,0,1029,1
25052.24,0,0,0,3,1423,0
93854.37,0,0,0,5,363,0
44467.11,1,0,1,2,732,0
15712.74,0,0,1,3,962,0
93436.98,1,0,1,6,453,1
94323.16,0,0,2,2,1226,0
32588.6,0,0,0,7,150,0
26666.25,1,0,2,2,1107,0
42042.88,0,1,1,5,639,1
66205.7,0,0,0,0,405,0
30529.78,0,0,0,0,978,0
4035.24,0,0,0,1,1388,0
24862.55,0,0,1,1,591,0
90433.9,0,0,0,4,981,0
9082.63,0,0,1,4,797,0
39517.77,0,0,2,1,838,0
40830.81,0,0,2,4,1391,0
23076.38,0,0,3,2,278,0
27137.33,0,1,0,7,187,1
42805.9,0,0,1,5,306,1
47147.91,0,0,3,1,1320,1
96385.93,0,0,3,0,1120,1
69266.2,0,0,1,1,185,0
4595.18,0,0,2,1,505,0
2882.44,0,0,1,3,524,0
16673.51,0,0,2,8,1120,0
67995.35,1,0,0,2,1128,1
44292.42,0,0,2,3,556,0
10433.07,0,0,1,0,1311,0
55480.23,0,0,4,4,72,1
31560.35,0,0,2,5,706,1
68250.95,0,0,1,7,653,1
76773.13,0,0,1,3,299,0
77174.05,0,1,2,0,1066,0
4253.74,0,0,0,6,267,0
99656.91,0,0,0,9,7,1
41286.74,1,0,0,3,1491,1
16688.65,0,0,0,3,1241,0
38788.71,0,0,1,5,391,1
11209.75,1,0,0,1,644,0
5950.67,0,0,2,2,1307,0
14921.2,0,1,2,3,542,1
47736.2,0,1,1,4,582,1
80188.26,0,0,1,4,1270,1
81457.24,0,0,1,1,259,1
45987.21,1,1,1,2,1122,1
55513.23,1,0,2,4,265,1
81978.99,1,0,0,4,1411,1
20309.17,0,0,1,3,597,0
55373.73,0,1,0,1,327,1
4502.18,0,0,1,3,12,0
79668.79,1,0,0,1,965,0
14341.4,0,0,0,0,1465,0
33181.53,1,0,2,1,922,1
72892.76,0,0,0,1,367,0
58810.93,0,0,1,7,705,1
97824.24,0,0,0,6,410,0
65262.28,0,0,1,1,419,0
13387.68,0,1,3,3,1182,0
35050.45,0,0,0,2,1327,0
35547.7,1,0,0,6,101,0
6186.78,0,0,0,3,1099,0
94153.28,0,0,0,5,429,1
12257.36,0,0,2,2,481,0
19944.59,0,0,1,2,551,0
77289.83,0,0,0,4,154,0
2111.77,0,1,1,7,1390,1
13849.21,0,1,0,2,73,0
31328.54,0,0,3,5,1154,0
42875.58,0,0,0,1,852,0
23299.25,0,0,0,6,870,0
2654.42,1,1,0,2,595,0
30316.39,1,1,1,5,1407,1
31275.2,1,1,0,6,1083,1
98657.66,0,0,2,4,1111,1
83660.58,0,0,2,4,116,0
70592.98,1,0,0,2,1359,1
35044.63,1,0,3,5,79,1
34474.75,0,0,2,2,1233,0
86930.57,0,0,1,4,503,0
51336.19,0,0,3,1,709,0
10629.99,0,0,0,6,1156,0
34948.31,0,0,1,0,318,0
5477.67,0,0,1,4,919,0
3269.08,0,0,1,4,882,0
70666.56,0,0,1,3,1089,0
13788.39,0,0,1,2,459,0
49346.4,0,0,1,2,985,0
91589.18,0,0,0,0,1138,0
82142.89,0,0,1,3,848,1
83658.45,0,0,3,6,1105,1
79664.41,0,0,0,1,902,0
4077.16,0,1,1,0,621,0
11670.73,0,0,2,5,681,0
88758.15,0,1,0,3,583,0
68912.17,0,0,2,6,187,0
18097.85,0,1,0,1,447,0
85380.09,0,0,0,2,609,0
91091.54,0,0,0,2,368,0
71498.1,0,0,0,3,557,0
37271.02,1,0,4,2,531,1
48789.71,0,0,2,4,643,0
84862.33,0,0,3,2,1290,1
38807.9,0,0,1,2,1358,0
74886.01,0,0,3,4,610,1
51145.98,0,0,0,2,304,0
15399.14,0,0,3,2,1216,0
10904.69,1,0,0,3,565,0
77702.16,1,0,1,3,529,1
74826.81,1,0,2,2,119,1
5377.39,0,0,0,3,106,0
89845.69,0,0,0,2,1291,0
60286.67,0,0,0,3,477,0
50717.91,1,0,1,2,905,1
73739.53,0,0,0,1,1075,0
48553.3,0,1,1,2,732,1
83763.5,0,0,2,2,180,0
38350.03,0,0,1,1,596,0
57803.55,0,0,0,1,906,0
99327.19,1,0,1,4,1275,1
31872.16,1,0,2,2,90,1
10326.47,1,1,2,1,282,0
34651.3,0,0,1,3,366,0
20259.32,1,0,1,3,26,1
99551.55,0,0,2,6,357,1
3835.96,0,0,2,3,570,0
93824.3,0,0,3,2,182,1
30518.59,1,0,2,5,226,1
39436.14,0,0,1,1,746,0
66407.9,0,1,2,0,1470,1
41991.53,0,0,1,2,927,0
31140.46,0,1,1,4,926,0
69746.91,0,1,1,3,1270,1
5555.57,1,0,0,3,62,0
71566.56,1,0,0,1,325,1
45727.39,0,0,1,3,881,0
18511.71,0,0,1,3,1330,0
76212.8,1,0,1,7,916,1
89055.05,0,0,0,6,1177,1
51094.97,0,0,0,5,849,1
93770.21,0,0,3,5,1105,1
9788.18,0,0,0,2,14,0
9146.89,0,0,2,1,1289,0
48468.89,1,0,0,2,641,0
14440.12,0,0,2,4,1186,0
9335.71,0,0,1,6,1228,0
17385.08,0,0,0,2,1159,0
49152.87,0,0,0,5,318,1
85009.65,0,0,0,4,326,0
46086.87,0,0,1,2,1400,0
9047.65,0,0,2,4,324,0
6896.93,0,0,2,4,770,0
40977.34,0,0,1,6,693,1
53194.78,0,0,1,0,517,0
72249.39,0,0,1,0,1261,0
31092.5,0,0,0,2,395,0
30481.97,0,0,2,0,49,0
45890.51,0,0,1,3,688,0
22110.71,0,0,1,4,660,0
7620.34,0,0,0,1,550,0
82132.13,1,0,1,4,1016,1
93074.16,0,0,4,3,671,1
76810.85,1,0,0,1,960,0
85847.21,0,0,1,7,1370,0
26887.51,0,0,1,5,438,0
50153.92,0,0,1,3,1014,0
76027.49,0,1,1,2,502,1
18904.4,0,0,2,0,678,0
99832.04,0,0,3,7,1097,1
96276.99,0,0,0,6,805,1
95035.67,0,0,1,4,960,0
91492.01,0,0,2,2,912,0
35142.68,1,0,2,0,1127,0
5638.98,1,0,0,3,455,0
54612.3,0,0,1,2,439,1
42352.06,1,0,0,2,68,0
82164.98,0,0,1,3,785,0
56992.78,1,1,0,7,211,1
81729.0,0,0,0,1,506,0
94081.01,0,1,1,1,697,1
16339.86,0,0,2,1,1255,0
65262.88,0,0,0,0,954,0
81985.73,1,0,0,5,927,1
6270.06,0,0,0,2,905,0
98140.2,0,0,0,3,809,0
72774.96,1,0,0,1,1354,0
17478.97,0,0,0,5,811,0
89113.07,1,0,0,3,556,0
23723.84,0,0,0,5,719,1
69010.15,1,0,1,3,229,0
23378.59,1,0,0,4,269,1
54169.7,0,0,0,4,1393,0
90454.84,0,0,2,2,1270,0
53352.22,0,0,0,1,653,0
18244.98,0,0,3,1,632,0
35939.7,0,0,1,5,29,1
7954.81,0,0,2,2,1014,0
20759.09,1,0,0,4,1256,1
16050.67,1,0,0,4,1429,0
14016.3,0,0,0,3,231,0
20171.04,1,1,0,1,1009,1
96496.37,0,0,2,2,1026,0
82283.48,0,0,1,1,1410,0
21098.18,0,1,2,2,261,1
26696.53,0,0,2,5,717,0
85629.75,0,0,0,3,700,0
78912.5,0,0,0,4,60,0
45183.39,0,0,2,2,186,0
39479.63,1,0,1,4,17,1
90843.89,0,0,3,3,1031,1
54456.45,0,0,2,2,404,0
7754.58,0,0,1,7,767,0
31990.61,1,0,0,1,496,1
58369.29,0,0,0,3,916,0
52854.0,0,0,1,3,415,0
20151.21,1,0,0,3,59,0
46690.82,0,0,2,5,935,1
18815.94,0,0,1,2,818,0
88885.78,0,0,0,4,849,0
51242.67,0,0,0,2,647,0
39012.65,0,0,0,1,856,0
64316.38,1,1,1,2,668,1
226.68,1,0,0,7,1499,0
10573.09,0,0,1,4,1486,0
95594.73,0,0,1,0,876,1
37932.47,1,0,4,4,234,1
9233.48,0,1,0,1,324,0
61996.3,0,1,0,2,105,1
90312.48,0,1,0,9,1030,1
82704.1,0,0,1,5,1443,0
71815.27,1,0,0,3,1032,1
63155.69,0,0,1,6,444,1
56238.62,0,0,2,1,1416,1
95079.4,0,0,0,0,1035,0
26799.14,0,0,0,4,1204,0
82469.26,0,0,0,3,396,0
14965.99,1,0,3,5,223,1
6104.84,1,0,0,6,822,0
53052.23,0,0,1,4,977,0
63412.03,0,0,2,7,166,1
29994.92,0,0,0,1,688,0
91550.08,1,0,2,2,210,1
78462.13,0,0,1,1,582,0
55315.12,0,0,1,0,1403,0
19900.81,0,1,1,2,890,0
32097.84,1,0,1,0,1442,0
69141.48,1,1,1,5,267,1
96897.55,0,1,1,2,594,1
40640.63,1,0,0,3,1162,0
23897.12,0,0,1,3,967,0
1095.93,0,1,4,6,527,1
73748.2,0,0,4,1,229,1
90172.96,1,0,0,4,1350,0
96736.08,0,0,0,2,92,0
31797.17,0,0,0,0,799,0
5388.3,1,1,0,2,1030,0
56055.59,0,0,1,2,1168,0
6094.82,0,1,1,5,730,1
35689.36,0,0,1,2,477,0
44690.82,0,1,0,4,972,0
86967.16,1,0,0,2,1149,1
20167.63,0,0,4,1,1010,0
41260.57,0,0,1,3,700,0
22750.75,0,0,0,3,1081,0
8968.45,1,0,0,2,606,0
29688.06,0,0,0,5,1310,0
64671.87,1,0,2,2,422,1
23395.44,1,0,1,3,1211,0
41584.62,0,0,1,3,376,0
37957.7,0,0,3,2,150,0
13132.1,0,0,1,5,192,1
33802.17,0,1,2,3,1426,0
44246.59,0,0,3,5,320,1
8737.1,0,0,3,1,582,0
97255.0,0,0,1,2,446,1
60380.08,1,0,0,2,769,1
50363.04,0,0,4,3,592,1
25540.7,1,0,0,2,992,0
43381.77,1,0,1,2,1044,0
50917.53,0,0,3,4,1130,1
96223.37,0,1,1,3,1163,1
96805.41,1,0,0,2,759,1
59941.2,0,0,3,4,666,1
87295.74,1,0,0,3,1443,1
73310.55,0,0,0,2,378,0
76746.62,0,0,3,2,1277,1
47757.12,1,0,1,2,1305,1
20037.2,0,0,0,1,913,0
37780.16,1,0,0,6,94,0
4941.58,0,0,1,4,551,0
12962.57,1,0,0,6,352,1
88235.28,0,0,2,2,596,0
54122.49,0,0,2,3,606,0
66080.93,0,0,1,5,1337,1
50918.32,0,0,0,2,272,0
85476.44,1,0,1,5,795,1
36933.42,0,0,0,3,329,0
28039.42,0,0,1,1,1076,0
74027.78,0,1,1,2,664,1
66704.21,0,0,1,4,268,0
50626.71,0,1,0,4,837,1
92994.06,0,0,0,7,1176,1
33847.92,0,0,2,0,910,0
50418.81,0,0,1,4,1404,1
59053.73,0,0,0,4,1253,0
4461.73,0,1,0,3,1055,0
66443.66,0,1,1,2,101,0
80457.0,0,0,2,4,1009,0
17317.69,1,1,1,1,747,0
62663.3,0,0,1,5,365,1
30688.97,0,0,0,5,468,0
41152.2,0,0,1,3,13,0
34691.98,1,0,0,4,1068,1
31549.03,0,0,1,1,712,0
48691.86,0,0,2,4,1358,0
29405.53,0,0,1,4,681,0
56618.16,0,1,2,1,1366,1
85861.18,0,0,0,1,124,0
88772.07,0,0,1,3,1380,0
28522.74,0,0,1,5,1361,1
4483.72,0,0,0,2,568,0
8057.43,0,0,2,1,938,0
87513.37,0,0,2,1,1441,0
82501.23,1,1,2,2,257,1
97828.72,0,0,0,2,420,0
67030.0,0,0,1,2,417,0
36322.06,0,1,0,4,601,0
20863.59,1,0,1,2,237,1
8162.77,1,0,1,4,17,1
26850.65,0,0,2,0,644,0
98492.99,0,0,0,3,1452,0
84975.06,0,0,1,4,1194,0
26376.28,0,0,0,7,1486,0
28697.28,0,0,0,3,123,0
68994.89,0,0,0,4,216,0
59751.95,0,0,0,4,300,0
61663.78,0,0,1,3,1002,0
28693.81,0,0,0,0,1091,0
22830.63,0,0,1,2,387,0
76084.6,0,1,0,4,451,1
22598.19,0,0,0,3,1420,0
61455.47,0,1,0,5,589,1
34362.36,0,0,1,5,470,1
17108.89,0,0,1,5,634,0
41558.28,0,0,3,3,12,0
78414.47,0,0,4,3,1045,1
22535.78,0,1,2,2,1282,0
41848.96,0,1,1,3,440,1
46538.99,0,0,0,5,1055,0
89420.54,1,0,1,2,1034,1
41268.45,0,1,1,5,1032,1
82480.17,0,0,1,6,680,1
78673.94,0,1,5,4,541,1
74467.48,1,0,2,7,1041,1
88648.23,1,1,1,4,695,1
16555.3,0,0,0,2,757,0
56971.21,1,1,0,2,254,1
62184.3,1,0,0,4,1101,1
32293.81,1,1,2,3,740,1
48294.12,0,0,1,2,889,0
88258.77,0,0,2,2,782,0
79599.09,0,0,1,1,503,0
44782.57,0,1,0,5,1046,1
92840.74,0,0,1,4,607,0
91470.18,0,0,0,3,800,0
44531.11,0,0,1,7,1362,1
61423.21,0,0,2,2,303,0
47050.85,1,0,1,6,684,1
94480.53,0,0,1,3,1332,0
14774.73,1,0,0,4,325,0
71974.05,1,0,0,1,1426,1
23068.85,0,0,3,4,547,1
43742.32,0,0,0,1,1013,0
45620.52,0,0,1,2,898,0
84261.45,0,1,0,3,1084,1
49615.83,0,0,0,1,890,0
1550.06,0,0,1,5,1320,0
53598.64,0,0,1,0,166,0
9472.81,0,0,1,5,163,0
49112.3,1,0,1,3,333,1
4561.66,0,0,1,7,429,0
41154.96,0,0,0,2,641,0
62891.55,0,0,1,1,673,1
51024.73,0,0,1,3,685,0
72914.16,1,0,1,1,643,0
91385.12,1,1,0,5,55,1
3376.71,0,1,2,5,1487,0
61587.55,1,0,0,3,1288,0
65512.1,0,0,0,1,1360,0
29309.86,0,0,0,2,279,0
75678.2,0,0,0,4,503,0
80346.01,0,0,0,2,1385,0
40667.61,1,0,2,2,959,0
77742.7,0,1,1,3,62,1
27211.68,0,0,1,5,133,1
55227.69,0,0,1,1,1467,0
82045.66,0,0,0,1,319,0
25070.9,0,0,1,1,1289,0
89307.16,0,0,1,2,1245,0
53277.21,1,0,0,5,836,1
96233.84,0,0,2,1,278,0
74056.28,0,1,3,1,992,1
26304.26,1,0,1,3,443,1
96385.38,0,0,0,4,191,0
78147.57,0,0,1,3,1058,0
40289.24,1,1,0,3,695,0
10906.12,1,0,1,4,491,1
9567.37,0,0,0,2,529,0
52064.01,0,1,1,2,728,1
68931.1,0,0,0,2,1370,0
12790.65,0,0,0,2,1276,0
36763.11,0,0,4,2,537,0
12667.65,0,0,0,3,800,0
90932.31,0,0,0,4,899,0
59128.11,1,0,2,5,1152,1
49819.03,0,1,0,4,1206,0
49525.95,0,1,1,0,785,1
2742.05,0,1,1,3,255,0
43751.79,1,0,2,3,137,1
24102.23,0,0,4,6,570,0
49548.78,0,0,0,1,339,0
70455.48,0,1,0,2,170,0
46299.44,1,0,1,3,373,0
4604.38,0,1,0,6,553,0
5263.4,0,1,0,3,166,0
86310.81,0,0,1,3,651,0
57592.55,0,0,0,5,1305,1
95628.97,1,1,1,1,1019,1
80740.38,0,0,2,3,492,0
44903.67,1,0,1,0,1276,1
16682.12,0,0,1,5,208,1
19988.32,0,0,2,1,1499,0
7274.28,0,0,1,3,449,0
67384.33,0,0,2,6,503,1
95336.68,0,0,2,0,784,0
17193.14,1,0,0,3,77,1
42009.42,0,0,0,1,378,0
81049.3,0,0,1,4,307,0
28135.49,1,0,1,3,1202,1
85733.58,0,0,1,2,844,0
15760.62,0,0,0,5,945,0
57739.03,0,0,0,4,1112,0
39865.68,0,1,1,2,382,1
16788.86,1,0,0,2,52,0
65648.99,1,0,3,2,900,1
28142.9,1,0,0,2,594,0
88513.03,0,0,2,3,1284,0
65579.8,0,1,0,2,1439,0
82344.54,1,0,1,2,599,0
99317.06,0,0,2,0,501,1
84467.7,0,1,3,3,417,1
97846.59,1,0,3,3,98,1
92727.93,0,0,3,1,132,1
20433.2,0,1,1,0,243,1
55928.2,0,0,0,4,1159,0
50020.6,0,0,1,7,551,1
42859.13,0,0,0,5,1372,0
62787.86,1,0,4,6,44,1
88346.64,0,0,1,4,1018,0
17691.32,0,0,1,2,520,0
28826.59,0,0,0,1,505,0
10473.55,0,0,1,1,475,0
21414.97,0,0,1,2,922,0
7104.79,0,0,3,0,704,0
12724.38,1,0,1,2,541,0
47228.46,0,0,0,2,870,0
35703.01,0,0,1,3,615,0
68696.38,1,0,1,1,592,1
3748.39,0,0,0,3,536,0
12805.53,0,1,0,3,896,0
65576.03,0,0,1,4,1380,0
87641.61,0,0,2,0,1061,0
49714.86,0,1,2,2,763,0
86114.78,0,0,1,4,687,1
91688.98,0,0,2,6,390,1
31166.2,0,0,3,1,846,0
52769.88,0,0,0,0,1458,0
62715.7,0,0,3,2,95,1
97470.37,0,0,0,5,654,1
12434.01,1,0,0,3,40,1
68689.99,0,0,1,3,133,0
24650.46,0,0,1,3,645,0
34154.21,1,0,3,3,343,1
59687.81,0,0,1,4,217,0
45616.08,0,0,3,5,621,0
10881.66,1,1,2,3,1339,1
76091.91,1,0,2,5,1111,1
10216.39,1,0,1,1,948,0
36453.55,1,0,1,3,264,1
42540.59,0,0,1,4,566,0
57597.4,1,1,0,1,807,1
81200.13,0,0,0,5,413,1
51763.32,0,0,3,3,826,0
62540.18,1,1,0,1,1301,1
70246.22,0,1,0,2,120,1
15893.42,0,0,0,4,434,0
54048.92,0,0,1,9,1467,1
93917.01,0,0,2,6,874,0
51195.61,0,0,0,3,236,0
81849.69,0,0,1,2,1478,0
76940.07,0,1,2,2,1048,1
7702.39,0,0,0,2,193,0
16813.41,0,0,2,6,134,1
73903.93,1,0,2,3,370,0
92687.99,0,0,2,4,950,1
9393.73,0,0,0,6,1027,0
22430.43,0,0,0,2,1260,0
69579.3,0,0,2,2,279,0
30485.11,1,0,0,2,1239,0
43522.27,0,0,2,3,391,0
38171.94,0,0,0,1,1373,0
82549.6,1,1,2,6,502,1
87584.13,1,1,0,4,96,1
49403.73,1,0,0,5,1361,0
35649.01,0,0,2,3,1446,0
69598.2,1,0,1,3,622,1
69418.68,1,0,1,4,1483,1
87654.45,0,0,2,5,764,1
80287.65,1,0,1,2,1228,1
24744.17,0,0,1,0,1179,0
71536.13,0,0,3,1,697,0
37865.3,0,0,1,0,426,0
84167.42,0,0,0,1,1333,0
8777.6,0,0,0,4,813,0
21384.43,0,0,1,3,389,0
18968.13,0,0,0,2,1398,0
45685.16,0,0,0,1,160,0
32387.09,0,0,1,2,1433,0
30557.45,1,0,1,3,1325,0
51265.78,0,0,2,5,1199,1
16103.62,0,0,0,1,16,0
63802.64,0,0,0,4,1142,0
51714.76,0,0,1,1,1458,1
58792.5,0,1,0,3,1053,0
52990.63,0,0,3,2,1381,1
72969.67,1,0,0,1,587,1
77470.29,0,0,0,3,1215,0
41697.58,0,1,0,4,426,0
50763.67,1,1,2,2,410,1
49667.98,1,0,0,1,1296,0
71330.38,0,0,0,3,27,1
35626.64,1,0,0,3,378,1
5598.27,0,1,2,3,564,0
73749.04,0,0,1,6,1455,1
91792.96,0,0,1,5,458,1
93641.62,0,0,0,3,1218,0
78261.34,0,0,0,1,494,0
69940.71,1,0,3,4,426,1
22007.6,0,0,1,2,1400,0
51372.53,0,0,0,2,892,0
45113.19,0,0,1,5,1476,0
53245.63,1,0,0,3,46,0
86519.75,0,0,0,2,178,0
21587.01,0,0,2,5,774,1
45811.13,0,1,0,5,767,1
3394.4,1,0,0,3,1223,0
64779.95,0,0,2,1,9,1
92533.94,0,1,2,5,825,1
68163.19,0,0,0,0,868,0
39339.29,0,1,2,2,649,0
58499.19,0,0,3,1,1225,1
13171.15,0,0,2,3,640,0
69709.87,0,0,0,4,403,0
88228.46,0,0,0,0,1127,0
60402.85,1,0,0,2,336,0
99160.26,0,0,0,4,1095,0
52803.62,0,1,3,2,1024,1
80621.05,0,0,1,2,530,0
58020.01,0,0,1,6,691,1
89139.14,1,0,0,2,284,0
79426.66,1,0,0,5,32,1
84510.54,0,0,0,2,979,0
15068.83,0,1,0,3,865,0
53237.88,0,0,4,1,1495,1
47332.06,0,1,2,0,1140,1
9226.25,0,0,2,5,202,0
66723.85,0,0,1,4,317,0
33745.58,0,1,3,3,792,1
31268.93,1,1,1,1,686,1
58385.22,1,0,2,4,1061,0
75139.61,1,0,1,1,1046,0
92788.23,0,0,0,0,38,0
96609.01,0,0,2,0,912,0
89290.31,0,0,0,6,1310,0
51970.75,1,0,0,2,893,1
75739.34,1,1,2,4,1413,1
3870.96,0,0,0,8,755,0
20345.43,0,0,2,2,902,0
41733.23,1,0,0,3,1121,0
26623.37,0,0,1,2,1172,0
26193.9,0,0,0,1,855,0
62539.44,0,0,3,3,751,0
49354.21,1,0,2,2,260,1
82755.68,0,0,0,4,956,0
85489.14,1,0,0,4,886,1
90149.85,1,0,1,2,1076,1
44603.22,1,0,0,2,437,0
68994.61,0,0,1,3,819,1
1440.95,0,0,0,2,756,0
76289.08,0,0,1,2,1193,0
64491.86,0,0,2,5,541,1
67926.65,0,1,0,0,2,1
79061.71,0,0,1,5,65,1
36559.22,0,0,0,2,1226,0
98418.08,0,0,0,0,1386,0
66660.39,0,1,0,2,16,1
94239.22,1,0,1,3,442,1
92230.86,0,0,1,5,217,0
16486.67,1,0,0,6,220,1
84578.07,1,1,0,4,511,1
41796.97,0,1,0,4,33,1
55328.9,0,1,0,1,346,0
30138.84,0,0,1,1,620,0
25080.67,0,0,1,4,1368,0
902.38,0,0,0,3,837,0
37757.3,0,0,4,4,1116,0
55537.67,0,0,2,2,1024,0
43498.88,0,0,1,2,231,0
64675.53,0,0,2,2,44,1
40000.23,0,0,2,4,836,0
82584.58,0,0,1,3,1062,0
74697.97,1,0,0,7,804,1
69404.76,1,1,1,8,994,1
14570.8,0,0,1,0,840,0
16255.11,0,0,0,5,819,0
91043.6,0,0,3,1,875,1
83607.37,1,0,0,0,369,1
13859.06,0,0,1,1,113,0
6686.3,0,0,3,1,177,0
44304.88,0,0,1,6,466,0
44601.32,0,1,0,4,1045,0
9122.82,0,0,0,7,823,0
40249.68,0,0,2,3,739,0
94100.52,0,1,1,2,474,0
29750.34,0,1,3,5,938,1
32170.05,0,1,1,3,726,1
60995.9,0,0,0,4,1375,0
74857.05,1,0,1,5,345,1
748.85,0,0,0,3,722,0
61767.38,0,0,4,3,1465,0
21524.38,0,1,6,4,1006,1
4891.96,1,0,1,0,1272,0
41405.98,0,0,1,4,296,0
47645.08,1,0,1,2,256,0
3957.8,0,0,2,0,1436,0
13386.56,0,0,0,1,366,0
66252.37,0,0,0,3,1230,0
57890.39,0,1,0,2,216,1
37309.65,0,0,1,4,896,0
14596.56,0,0,1,2,1222,0
86787.96,0,0,1,3,437,0
49913.49,0,0,3,2,154,0
99963.6,0,0,0,4,1324,0
95908.5,0,1,2,1,1045,0
50957.42,0,0,2,2,406,0
83740.28,0,1,1,4,506,1
25689.47,0,1,1,3,307,0
12944.87,0,0,0,4,515,0
54940.28,1,0,1,1,360,1
86875.95,0,0,4,4,773,0
13529.67,1,0,1,2,1017,1
20585.0,0,1,1,6,910,1
37516.16,0,0,1,1,66,0
25764.09,0,0,2,2,1095,0
51486.89,0,0,2,3,1355,0
80709.24,0,0,1,1,1166,0
97100.62,0,0,1,3,1124,0
37214.81,0,0,1,2,416,0
24355.87,0,1,3,4,1236,1
87505.84,1,0,2,3,478,1
15035.91,0,0,0,4,762,0
73692.01,0,0,2,2,1284,1
57179.26,0,1,0,4,1395,1
25792.0,0,0,0,2,335,0
86982.05,0,1,0,3,1271,1
19428.24,1,0,1,1,1365,1
84261.53,0,0,1,1,684,1
9507.55,0,0,1,3,105,0
71331.52,0,0,1,0,352,0
80248.65,1,0,2,2,125,0
3436.96,0,0,0,4,1242,0
79529.24,0,0,1,1,1231,0
61841.95,0,0,2,3,814,0
53709.23,1,0,0,2,1432,0
36281.66,0,0,2,3,965,0
17326.86,1,0,2,3,875,0
83570.0,0,0,2,3,258,0
66098.72,0,0,0,1,1102,0
67108.93,0,0,2,4,1419,0
4856.76,1,0,2,3,1075,0
8688.78,1,0,3,3,915,1
63418.16,0,0,0,6,132,1
12910.17,0,1,0,3,286,0
98798.73,0,0,0,3,1362,0
4492.77,1,0,1,2,306,0
49407.92,0,0,0,1,623,0
29908.21,0,1,1,4,133,1
34401.0,0,0,0,6,1319,0
95249.88,0,0,1,3,847,0
20884.15,0,0,2,4,1315,0
81692.85,1,0,0,1,1384,1
5436.03,0,0,1,4,1161,0
66467.99,0,0,0,2,601,0
14314.39,0,0,0,6,1077,0
77238.02,1,0,1,4,803,1
68916.3,1,0,1,5,528,1
36376.56,1,1,0,3,591,1
79946.67,0,0,3,3,38,1
98139.57,0,1,1,5,82,1
42600.58,1,0,1,1,766,0
40747.22,0,0,2,3,1133,0
97058.2,0,1,0,6,1254,1
9967.03,0,0,1,5,797,0
10111.11,0,0,1,7,37,1
11799.01,0,1,1,5,1111,1
40010.7,1,0,1,3,1113,1
28003.88,1,0,0,4,1193,0
70326.27,0,0,1,5,1250,1
40150.18,1,0,1,4,161,1
45914.63,0,1,0,3,673,0
50328.09,0,0,1,2,285,0
85471.06,0,0,0,1,1402,0
25319.0,0,1,0,1,1058,0
22514.25,0,0,2,1,186,0
45117.28,0,0,3,7,623,1
33805.54,0,0,0,1,897,0
10112.8,1,0,1,2,1437,0
68015.69,1,0,0,5,292,1
52882.38,1,0,2,1,30,1
65657.18,0,1,2,2,1283,1
83857.43,1,1,1,3,992,1
55222.75,0,0,0,1,1490,0
34354.92,0,1,3,4,32,1
50513.78,1,1,0,3,1337,1
58083.77,0,0,4,6,563,1
95116.11,0,0,3,2,1283,1
21905.12,0,0,1,2,1049,0
44746.89,0,0,0,2,1053,0
92724.77,1,0,0,2,1423,1
38273.27,0,0,0,1,1180,0
40943.48,0,0,0,3,1213,0
6086.67,0,1,0,3,181,0
90426.44,1,0,3,4,533,1
4374.05,0,0,2,2,1334,0
90980.86,0,0,0,3,1169,0
89313.69,1,0,2,0,239,1
12829.34,0,1,1,7,876,1
84643.02,0,0,1,2,893,0
17795.83,0,0,2,1,484,0
96698.44,0,0,1,3,100,1
43075.57,0,1,0,2,238,1
4310.83,0,1,3,2,1000,1
59405.89,1,0,1,7,463,1
40792.43,0,0,0,7,1309,0
63004.3,1,0,0,7,1284,1
115.76,0,0,0,3,1487,0
6525.94,1,0,1,5,1319,0
99555.25,0,0,0,5,1211,0
99778.66,0,1,1,2,938,1
32420.64,1,0,2,4,1389,1
48485.86,0,0,0,5,470,0
13243.91,0,0,4,4,192,0
54696.95,0,0,1,5,969,0
46840.2,0,0,0,2,924,0
72419.87,0,0,0,4,518,0
30801.79,1,0,1,4,1268,1
97926.9,1,0,2,1,1131,0
91567.64,0,0,2,2,863,0
30995.96,0,0,2,4,1314,0
45862.46,1,0,3,1,835,1
75723.78,0,0,1,4,1139,0
42891.45,0,1,1,2,1459,1
92055.18,0,0,1,0,1233,0
5266.92,0,0,0,4,774,0
32535.43,0,1,0,2,864,0
26271.36,1,0,0,4,100,0
82023.93,1,0,2,5,99,1
57968.86,0,0,2,3,1180,0
10348.2,1,0,2,2,177,0
73698.57,0,0,1,3,1071,0
15482.04,0,0,1,5,38,1
34821.08,0,1,0,4,85,0
55043.84,0,0,2,3,689,1
96543.47,1,1,3,4,855,1
58175.79,0,0,1,6,441,1
16980.32,0,0,0,3,1369,0
61531.92,1,0,0,6,484,1
67434.9,0,1,1,1,959,1
77877.45,1,0,2,6,948,1
6943.91,0,0,2,2,1414,0
74106.86,0,0,1,3,260,0
78038.74,0,0,1,5,1356,1
94427.95,0,0,2,4,106,0
85734.31,0,0,0,6,224,1
27332.17,0,0,1,1,1377,0
10647.01,0,0,1,3,114,0
15676.26,1,0,0,3,543,0
81134.51,1,0,1,2,1039,1
81173.55,0,0,4,5,162,1
50125.45,0,0,0,6,1484,1
38246.3,0,0,0,3,315,0
99869.98,0,0,0,6,1323,0
71528.7,0,0,3,5,455,1
88664.41,0,0,2,1,66,1
51149.78,0,0,0,2,440,0
87698.17,1,0,1,1,143,0
87126.7,1,1,3,4,862,1
29304.1,0,0,0,2,399,0
38859.85,0,0,1,4,724,0
9486.98,0,1,0,5,325,0
37638.36,1,0,1,3,181,1
98884.88,1,0,3,6,542,1
19269.57,0,0,0,3,1359,0
88933.74,0,0,1,3,20,0
41828.45,0,0,1,5,87,1
90229.19,0,0,1,4,915,0
16261.16,0,0,1,1,767,0
82259.99,0,0,0,6,1018,1
27589.89,0,0,2,2,9,1
60404.09,1,1,1,0,598,1
90945.1,0,0,0,5,1270,1
47954.47,0,0,0,3,1317,0
72218.77,1,0,1,5,466,1
85545.31,0,0,0,2,1420,0
883.71,0,0,0,4,1067,0
32193.39,0,0,0,1,524,0
15150.91,1,0,0,3,1489,0
63997.71,0,0,1,5,724,1
28485.17,0,0,1,4,576,0
16844.66,0,0,0,1,369,0
8429.42,1,0,0,0,361,0
92626.27,1,1,1,2,105,1
46859.28,0,0,3,3,1224,1
32226.67,0,0,4,5,165,1
61367.01,1,0,2,3,166,1
19443.98,0,0,1,1,405,0
25112.27,0,0,0,3,1073,0
60106.66,0,0,1,2,1121,1
69656.72,0,1,1,3,114,1
39720.95,0,1,0,3,224,0
14551.02,0,1,0,1,959,0
94682.47,0,0,1,4,1073,0
45555.6,0,0,0,3,1121,0
67073.25,0,0,0,2,918,0
97260.58,1,0,1,4,1121,1
96555.21,0,0,2,5,1151,1
31153.53,1,0,1,3,690,0
39583.04,0,0,0,3,234,0
78652.32,1,0,2,4,1245,0
21424.81,0,1,1,5,735,1
7479.65,0,0,1,5,748,0
52838.19,0,1,0,4,1114,1
72616.78,0,0,2,2,855,0
73083.57,0,0,3,2,761,1
29397.28,1,0,0,2,1431,0
712.25,0,0,2,1,34,0
3484.16,1,0,1,3,278,0
96566.01,0,0,1,5,1087,1
56405.3,1,0,1,2,567,1
36070.54,0,0,0,5,265,0
83978.49,0,0,0,7,364,1
3344.88,1,0,1,3,1158,0
91478.1,0,0,1,7,147,0
88276.61,0,1,0,2,1431,1
35673.36,0,0,2,1,963,0
42921.92,1,0,1,1,819,0
17446.57,0,0,0,3,612,0
68516.96,1,0,2,3,140,1
66859.12,0,0,1,2,1408,0
46180.93,0,0,2,2,753,0
81664.76,0,0,0,1,1414,0
91496.35,0,0,1,1,1389,0
90805.48,0,0,2,4,1101,0
18764.77,0,0,2,1,1244,0
95894.57,1,0,0,5,293,1
58220.37,0,0,1,4,1113,0
63192.19,0,0,0,4,1034,0
89730.69,0,0,1,1,1158,0
14653.68,0,0,1,4,1326,0
70233.36,0,0,0,2,392,0
33930.11,0,0,0,1,952,0
3536.92,0,0,0,2,811,0
95882.79,1,0,0,3,586,1
14427.72,1,0,0,5,79,1
23517.13,0,0,1,4,533,0
64877.6,0,1,0,2,1245,0
51321.05,0,0,0,2,898,0
43785.87,0,0,0,4,1275,0
32685.89,1,0,0,5,518,1
83302.3,0,0,2,2,850,0
44761.45,1,1,0,2,96,1
47920.81,0,1,0,3,1200,0
85287.72,0,0,1,5,18,1
8039.22,0,0,3,5,393,0
48158.61,0,0,2,2,1361,0
18494.59,1,0,0,0,309,0
45997.93,0,1,3,6,1465,1
20467.45,1,0,1,3,685,1
74799.81,1,0,0,4,32,1
25444.06,0,0,0,4,837,0
73413.62,0,0,0,1,674,0
15629.68,0,0,0,1,1180,0
42954.1,1,0,0,2,684,0
28015.57,0,0,2,2,1201,0
9536.26,0,0,0,2,706,0
66716.94,1,0,0,2,1241,1
46752.45,1,0,0,2,522,0
70152.89,0,1,0,3,511,1
46120.31,0,0,2,2,257,0
88673.6,0,0,2,4,997,1
75922.75,0,0,0,3,466,0
25378.92,1,0,2,3,1154,0
67247.65,0,0,0,2,290,0
16048.32,0,1,2,1,1030,0
24421.06,0,1,0,2,703,0
88519.08,0,0,0,8,564,1
48347.04,0,1,1,2,752,0
41842.42,0,0,3,2,1163,0
47617.53,0,0,2,4,458,0
59178.14,0,0,1,3,324,0
47176.55,1,0,0,3,771,0
79840.56,0,0,1,3,295,0
78964.9,0,0,1,2,1342,0
57164.21,0,0,1,2,476,0
49990.52,0,0,1,3,670,0
19014.44,0,0,1,1,245,0
22070.46,1,1,2,2,179,1
20708.55,0,0,0,2,317,0
68037.68,1,0,0,3,98,1
24964.95,0,0,1,3,87,0
14246.1,0,0,2,4,1089,0
93774.44,0,0,3,2,497,0
8567.47,0,0,0,7,450,0
85073.39,0,0,1,4,1091,0
42473.15,1,0,1,4,348,1
5995.15,0,0,0,1,727,0
99291.06,0,0,3,2,775,1
13188.35,0,0,1,3,507,0
21139.19,0,0,2,4,1082,0
4529.99,0,0,1,2,11,0
67255.32,1,0,1,1,694,1
45661.11,0,0,1,4,1136,0
38674.63,0,0,2,4,65,0
14005.74,0,1,1,4,139,0
74617.62,0,0,2,1,272,0
69674.58,0,1,0,4,1419,1
65221.31,0,0,1,3,545,0
96323.94,0,0,1,4,160,0
96398.95,1,0,1,5,481,1
76213.39,0,0,0,5,385,1
7840.98,0,0,0,6,195,0
48745.38,1,1,1,6,791,1
2028.51,1,0,1,2,573,0
16482.4,0,0,1,1,1081,0
76859.66,0,0,1,0,29,1
83338.85,1,0,1,4,33,1
2129.02,0,0,1,3,391,0
88041.1,1,0,1,2,149,1
80566.83,0,0,1,2,723,0
18772.51,0,0,0,0,901,0
39188.56,0,1,2,6,390,1
29009.13,0,0,0,2,166,0
32414.39,0,0,1,4,1448,0
45938.25,0,0,2,2,336,0
25871.79,0,1,2,3,655,1
15747.75,0,1,1,5,372,1
71289.21,0,0,1,3,420,0
77798.05,1,0,0,2,1079,1
31587.21,1,0,1,4,90,1
81353.0,0,0,0,8,580,1
40478.79,0,0,1,4,404,0
48902.98,0,1,1,3,425,0
32169.24,0,0,0,3,187,0
17627.95,1,1,2,1,531,1
51369.94,0,1,1,4,376,1
43218.39,1,0,2,3,1145,1
77066.74,1,0,1,3,1139,1
14032.6,0,0,1,3,687,0
6607.21,1,0,1,3,1366,0
43454.19,0,1,3,4,1470,1
4979.28,1,0,0,0,1188,0
86394.61,0,1,0,6,846,1
98760.82,0,0,0,1,1491,0
67748.28,0,0,1,3,339,1
42869.99,1,0,4,2,1440,0
77546.0,0,1,1,2,66,1
45512.89,0,0,1,2,1415,0
64543.76,0,0,0,2,109,0
92678.61,0,0,0,0,65,0
59392.34,0,0,1,2,500,0
44386.35,0,0,0,3,527,0
10036.21,0,0,1,1,624,0
45563.46,0,0,0,2,665,0
88644.53,0,1,1,4,177,1
47374.18,1,0,1,4,327,0
99302.57,1,1,2,2,572,1
39112.52,0,1,1,1,994,1
4915.4,0,1,2,1,188,0
21981.93,0,0,1,4,799,0
28277.82,0,1,1,3,446,1
39477.63,0,0,2,5,957,1
46612.99,0,0,1,4,896,0
32777.26,0,0,0,2,613,0
75477.48,0,0,4,2,728,1
72175.56,0,0,2,5,452,1
34226.07,0,0,0,1,274,0
4342.84,0,0,1,3,644,0
93136.73,1,0,1,1,1432,0
15677.03,0,0,0,6,1006,0
83783.3,0,0,0,3,163,0
36996.08,1,0,1,2,800,1
66741.9,0,0,1,4,703,0
61824.13,1,0,3,2,1015,1
72341.83,0,0,1,3,454,0
17107.92,0,1,1,3,464,1
55538.79,1,0,1,4,406,0
95427.71,0,1,0,3,1213,1
12487.9,1,0,1,3,1265,0
80785.44,1,0,2,2,1122,0
39891.21,1,0,1,2,1047,0
93249.54,1,0,0,2,136,1
18896.02,0,0,0,9,56,0
53767.1,0,0,1,1,1199,0
3939.47,0,0,2,3,713,0
51469.3,1,0,0,0,315,0
95979.24,1,0,1,5,265,1
62993.78,0,0,1,4,961,0
56719.78,0,0,1,2,1419,0
23993.76,0,0,1,0,156,0
82479.11,1,0,1,5,309,1
42827.35,0,0,1,2,273,0
24712.5,0,0,1,2,1145,0
74952.61,0,0,2,4,1034,0
4379.45,0,0,0,2,761,0
88387.48,0,1,1,3,393,0
49449.09,0,1,0,2,1464,1
79095.74,0,0,1,0,358,0
7008.37,0,0,1,2,366,0
54435.45,0,0,1,7,277,1
25139.36,0,0,1,7,516,1
20188.24,0,0,0,1,382,0
41933.57,0,0,1,3,1022,0
24257.77,0,0,2,6,64,1
88777.04,0,1,0,1,1110,1
99048.12,0,0,1,6,678,0
56648.15,0,0,1,5,859,1
50446.18,0,0,0,6,1065,1
37158.37,0,1,0,2,800,0
91644.87,0,0,3,1,1257,1
53512.49,0,0,2,2,375,0
63065.38,0,0,1,0,1424,0
23708.97,0,0,0,1,274,0
75354.38,0,0,0,2,556,0
93185.68,0,0,0,1,767,0
86758.35,0,1,0,2,1391,1
22675.24,0,0,1,4,1255,0
16395.8,1,0,1,3,835,0
26235.87,1,0,1,2,203,1
60991.08,0,0,1,5,106,1
66255.04,0,0,2,2,392,0
71043.17,1,1,0,5,897,1
43167.54,1,0,0,2,403,1
19678.27,0,0,0,2,634,0
32742.93,0,0,0,1,275,0
27790.42,0,0,0,2,1301,0
28463.35,0,0,1,4,359,0
22884.95,0,0,1,3,241,0
52698.91,0,1,0,6,1340,1
90473.38,0,0,1,10,1487,1
42335.96,0,1,1,1,1333,1
75808.84,0,1,1,6,44,1
7475.48,0,0,1,5,228,0
96380.39,1,1,2,8,756,1
6610.68,1,0,1,4,240,0
85051.24,0,1,1,0,1489,1
73900.93,0,0,1,3,241,0
64464.39,0,1,1,5,473,1
35594.83,0,0,0,1,1013,0
39564.55,0,0,1,6,1098,1
53360.71,0,0,3,3,739,1
67967.94,0,0,3,3,976,1
90262.0,1,0,0,3,202,1
28663.17,0,0,2,2,1255,0
25132.07,0,0,0,4,1032,0
34821.67,0,0,0,4,226,0
7750.98,0,1,1,3,144,0
95712.77,1,0,2,1,1398,0
94938.7,0,0,2,2,345,0
91970.21,0,0,1,8,556,1
50906.93,0,0,2,4,106,1
33111.69,0,1,2,3,893,1
5900.53,1,1,1,6,1079,1
72473.6,0,0,0,3,700,0
6228.62,1,0,0,6,1154,0
15253.12,0,1,1,5,1046,1
2332.26,1,0,0,1,1089,0
47093.72,0,0,1,2,1465,0
23402.11,0,0,0,4,1186,0
10091.24,0,0,1,6,1124,1
3280.99,0,0,2,1,513,0
65705.67,0,1,0,1,882,1
78413.3,0,0,1,4,419,0
46265.28,0,0,0,5,1372,0
36774.71,1,0,1,3,1025,0
46104.87,0,1,0,4,972,0
3828.13,1,1,0,1,759,0
24556.69,0,0,0,5,522,0
93573.62,0,0,1,3,266,0
82020.78,0,0,4,2,963,1
65388.86,0,0,1,1,277,0
12012.57,0,0,0,2,1395,0
93805.41,0,0,2,0,529,0
36232.91,0,0,0,3,84,0
39385.32,0,0,2,2,562,0
94923.47,0,0,2,3,591,1
45735.95,1,0,1,3,1207,1
29330.38,0,0,0,3,1172,0
77166.83,0,0,1,1,150,0
51277.04,0,0,1,4,87,0
45909.02,0,1,0,3,1381,0
61954.02,1,0,1,3,600,1
5436.33,0,0,1,2,240,0
86812.59,1,0,0,2,551,1
17041.64,1,0,0,5,691,1
93395.95,0,0,0,3,186,0
49453.35,0,0,1,1,1485,0
49509.17,0,1,1,1,1340,1
4526.54,0,1,2,4,813,0
3425.23,0,0,0,3,1262,0
34358.67,0,0,1,2,188,0
7246.73,0,0,0,1,672,0
62614.36,0,0,2,3,535,0
82236.07,1,1,1,1,357,1
98303.21,0,1,0,2,657,1
3236.82,0,0,0,4,1312,0
13714.1,0,1,1,1,507,0
15203.17,1,0,1,1,943,0
19098.8,0,0,1,2,528,0
93368.29,0,0,2,1,806,0
24100.53,1,0,1,3,1417,1
96485.83,0,1,0,4,823,1
72562.55,0,0,0,2,1070,0
29238.21,0,0,0,2,1254,0
69667.95,0,0,2,4,1319,0
87138.27,1,1,2,0,819,1
3643.41,1,0,2,8,859,1
2544.02,0,0,0,1,1465,0
93490.0,0,0,0,1,48,0
87605.8,0,0,0,2,1211,0
99073.43,1,1,2,4,732,1
43961.4,0,0,1,2,29,1
42995.46,1,0,2,1,1113,1
37964.32,1,0,0,2,739,0
50720.51,0,1,1,4,366,1
68612.94,0,0,2,2,352,1
78550.94,0,0,3,3,1158,1
77812.36,0,0,0,1,779,0
98778.56,0,0,0,6,17,1
85629.34,1,0,0,2,1288,1
83350.23,0,0,0,5,942,0
77873.58,1,0,2,5,1480,1
11077.21,0,0,0,5,536,0
94541.28,0,1,0,2,468,0
55553.02,0,1,1,3,360,0
37528.66,0,1,0,4,246,1
32532.27,0,0,0,5,1216,0
68231.54,0,0,3,1,1227,0
55215.76,0,1,2,5,826,1
77066.18,0,1,0,3,1246,1
38646.95,0,0,1,2,1239,0
84614.29,0,0,1,0,1145,0
59490.39,1,1,3,1,110,1
2388.71,0,0,1,4,321,0
40671.77,0,1,1,1,577,1
75574.36,0,1,2,4,524,1
75012.66,1,0,1,1,840,1
94517.24,0,0,0,4,684,0
51671.69,1,0,0,2,1039,1
84510.45,0,0,0,4,1198,0
43096.22,0,1,1,3,698,0
77889.6,0,0,3,2,210,1
89247.8,0,0,2,8,372,1
50040.8,1,0,0,1,1076,0
40919.64,1,0,0,3,1176,0
12413.05,0,0,1,6,744,1
76873.16,0,0,3,4,26,1
96631.0,0,1,0,0,607,1
95364.98,0,0,0,4,885,0
36964.57,0,0,0,2,1199,0
87269.4,0,0,2,4,973,0
55362.35,1,1,1,4,1351,1
39420.23,0,0,0,5,306,1
16062.58,0,0,2,4,1419,0
243.2,0,0,2,4,1065,0
98178.56,0,1,0,5,443,1
43677.11,1,0,4,4,1441,1
72283.15,0,1,0,4,422,1
41443.49,0,0,0,4,371,0
35045.89,0,0,2,2,1290,0
39622.18,0,1,0,4,1258,0
59659.68,1,0,0,5,746,1
68672.45,0,0,0,6,1418,0
34919.81,0,0,3,2,1406,0
55203.61,1,0,0,4,1361,0
31722.12,1,0,2,2,270,1
47592.2,0,0,2,3,1004,0
32457.21,1,0,0,4,666,0
73582.26,1,0,0,3,1133,1
85932.27,1,0,2,5,240,1
87489.66,1,1,0,3,613,1
15186.21,0,0,2,4,117,0
85611.99,1,0,2,4,23,1
17955.25,0,0,1,4,74,0
59986.22,0,0,0,3,316,0
83296.39,0,0,2,5,684,1
81763.02,0,0,0,2,1052,0
10760.83,0,0,0,3,823,0
20307.85,0,0,0,2,558,0
80658.89,0,0,1,0,816,0
70652.19,1,0,0,3,1182,1
37937.27,0,1,0,4,450,0
62168.08,0,0,0,4,624,0
97273.73,0,0,0,2,534,0
61946.95,0,0,2,4,301,0
6316.19,1,0,3,0,1099,1
88731.71,1,0,3,5,934,1
31562.54,0,0,0,2,1493,0
14001.57,1,0,1,9,1260,1
62108.75,0,0,2,2,1046,0
59014.79,1,0,0,2,713,1
90367.94,0,0,1,3,410,1
20998.5,0,0,1,0,1265,0
31776.53,0,0,1,7,1193,1
81565.68,0,0,2,5,1094,0
31777.17,1,1,1,4,310,1
14188.38,1,0,1,2,621,0
91427.42,0,0,1,1,1376,0
56703.47,0,1,1,2,1226,0
56225.21,0,1,2,4,1157,0
54023.47,0,0,0,5,881,1
96051.93,0,0,1,4,1090,1
3962.47,0,0,0,2,212,0
82886.62,0,0,2,1,575,0
276.14,0,0,0,4,523,0
80840.46,1,0,1,10,411,1
23493.45,0,0,1,7,218,1
4053.14,1,0,0,2,101,0
42800.82,0,0,0,0,1357,0
62658.88,0,0,1,2,220,0
40978.02,1,0,0,2,839,0
11852.86,0,0,0,3,237,0
9911.07,0,0,1,4,1075,0
300.5,1,0,0,2,542,0
97167.9,0,0,2,6,1067,1
52642.49,0,0,0,4,89,0
18146.31,0,0,0,2,776,0
38307.53,0,1,1,3,116,0
19731.38,0,1,1,1,508,0
12192.77,0,0,0,4,1467,0
98703.61,0,0,0,3,352,0
12912.69,0,0,1,2,1302,0
214.48,0,0,2,5,235,0
77064.12,1,1,1,2,535,1
90522.87,0,1,0,2,1429,1
79255.86,0,0,1,3,805,0
46155.95,0,1,3,3,515,0
72736.56,1,0,0,2,615,0
63990.08,0,0,0,1,375,0
22177.72,0,0,2,6,1366,1
43765.2,0,0,2,3,1214,0
11132.39,0,0,0,1,169,0
38787.18,0,1,0,2,140,0
37182.18,0,0,0,5,107,0
80643.99,1,0,2,4,996,1
41991.73,0,0,1,5,1482,1
23075.96,0,0,1,1,1167,0
10371.16,0,1,1,2,349,1
59156.38,1,0,0,5,820,1
14016.66,0,0,1,7,1447,0
50603.62,0,0,1,1,1029,0
61058.46,0,0,0,2,1106,0
83864.42,0,0,3,6,801,1
29601.09,0,0,0,2,500,0
49460.63,1,0,1,4,1218,0
54145.55,0,0,3,1,1161,0
92725.66,1,0,0,2,1226,0
96897.18,0,0,3,5,1068,1
15967.89,1,0,0,3,25,0
14735.68,1,0,1,5,970,0
37010.92,0,0,1,0,1258,0
92746.0,0,0,3,2,969,1
45625.06,0,0,0,4,1397,0
85481.92,0,0,0,3,1042,0
57320.37,1,0,1,2,217,0
65052.79,0,0,1,1,1453,0
64862.77,1,0,2,4,722,0
95015.75,0,0,0,1,1053,0
80927.72,0,1,2,2,1159,0
34263.7,0,0,1,2,195,0
28976.07,0,0,0,3,650,0
13278.27,0,0,2,2,474,0
65843.45,0,0,1,2,491,0
4698.71,1,0,0,3,966,0
48409.37,0,0,1,8,430,0
70866.46,1,0,0,3,165,0
7890.49,0,0,0,2,43,0
27834.19,1,0,1,1,1133,1
31924.45,1,1,1,3,202,1
67171.96,1,1,2,1,572,1
81559.32,0,0,1,2,548,1
35896.46,0,0,0,0,538,0
43131.96,0,0,0,2,386,0
85915.91,0,0,2,5,312,1
70077.7,0,0,1,1,339,0
88709.93,0,0,1,2,812,0
57899.68,0,0,1,4,1360,0
91522.61,1,0,0,4,511,1
87223.83,0,0,0,2,674,0
39828.7,1,1,0,2,1204,0
10725.78,0,0,1,1,105,0
77508.09,0,0,0,1,1025,0
75517.19,0,0,0,7,1349,1
75740.37,1,0,2,6,1404,1
31871.32,0,0,0,0,1188,0
7866.77,0,1,0,1,207,0
73409.63,0,0,1,3,701,1
73881.13,0,0,2,2,714,0
69690.98,1,0,0,3,636,0
27294.66,0,1,1,6,721,1
89668.23,0,0,0,7,764,1
40871.7,0,0,2,3,1043,0
84471.18,0,1,0,0,886,0
57298.06,0,0,2,3,433,1
22077.72,1,0,2,6,516,1
38106.4,0,0,0,5,1140,0
38987.05,1,1,1,5,1467,1
71141.22,0,1,1,3,315,1
4747.2,0,0,0,8,988,0
19560.93,0,1,2,2,690,1
94255.74,1,0,0,2,685,1
72174.41,0,0,3,2,1329,1
31646.96,1,0,3,4,889,0
17954.14,0,1,1,4,1024,0
98836.71,0,0,0,2,316,0
22617.67,0,0,2,6,291,0
36374.02,0,0,0,4,735,0
5310.51,0,0,1,4,569,0
22893.92,0,0,1,2,396,0
31559.46,0,0,0,1,1159,0
33536.5,0,0,2,5,1259,1
40901.03,0,0,3,1,578,1
41496.88,0,0,2,1,807,0
13793.74,0,0,0,1,35,0
82882.13,0,1,1,3,1223,1
74582.24,0,0,0,5,759,1
44868.27,0,0,1,5,878,0
23979.69,0,0,1,3,1009,0
40907.01,1,0,1,3,689,0
50565.28,1,0,2,4,6,1
94739.76,0,0,1,3,398,0
71607.19,0,0,2,3,385,0
64917.71,0,0,2,2,293,0
31268.66,1,0,1,0,129,1
68799.29,0,0,1,2,928,0
84137.29,0,0,5,5,552,1
24790.16,1,1,1,3,404,1
74005.52,0,0,1,3,1324,0
32460.42,1,0,0,1,1388,0
79695.4,1,0,3,5,4,1
13725.36,1,1,2,3,52,1
39745.46,1,1,2,2,1070,1
99761.92,0,0,0,1,936,0
13082.49,0,0,1,5,1325,0
80070.91,0,1,2,2,737,1
46128.15,1,0,1,3,1494,1
40511.19,1,0,3,3,994,1
93847.45,0,0,0,1,1034,0
49071.27,0,1,0,5,41,1
83635.69,0,0,3,1,409,1
45984.52,0,0,0,4,52,0
35530.81,0,0,1,3,556,0
27974.12,0,0,2,2,663,0
53115.75,1,0,1,5,1263,1
4568.11,0,0,0,3,74,0
30455.76,0,0,0,7,170,0
91331.3,0,0,0,5,533,1
83933.36,1,0,1,3,816,1
57309.38,0,0,2,3,647,0
17725.03,0,0,0,1,1236,0
27476.2,0,1,0,0,1261,0
76738.59,0,0,1,5,921,0
7235.62,1,0,0,4,970,0
75983.33,0,0,2,1,1413,0
50405.5,1,1,2,4,804,1
66317.48,1,0,1,2,1304,1
95232.17,0,0,2,4,626,0
88428.65,1,0,0,6,1101,1
45172.24,1,0,1,1,1243,0
65118.75,0,1,2,4,761,1
19165.85,0,0,1,1,132,0
25708.54,0,1,2,1,489,1
16196.18,0,1,0,3,1143,0
70585.76,1,1,2,4,432,1
25040.04,1,1,2,6,33,1
59609.2,1,0,1,2,702,1
15052.78,0,0,0,2,870,0
19084.78,1,0,0,3,171,0
40911.44,0,0,2,3,166,0
54265.34,0,0,2,4,282,0
82082.75,1,0,0,6,1287,1
99469.54,0,0,1,3,1091,0
41202.48,1,0,1,3,771,1
9606.87,0,1,2,4,605,0
25973.71,1,0,1,3,104,1
22851.62,0,0,1,3,96,0
64437.92,0,0,0,3,124,0
66037.01,0,1,0,1,1263,0
52751.7,1,0,0,3,1130,0
8571.32,1,0,1,1,347,0
72154.7,0,0,0,1,536,0
24623.86,0,0,1,2,1284,0
13045.61,0,1,2,4,893,0
77372.93,1,0,6,4,1345,1
6978.87,0,1,3,0,1028,0
51595.31,0,0,0,2,59,0
93725.24,0,0,2,4,626,0
23625.89,0,0,1,2,1480,0
10904.14,0,1,0,3,653,0
98157.02,0,0,1,3,31,1
4611.32,0,0,3,3,467,0
63841.02,0,0,0,2,1305,0
55368.42,1,0,0,0,183,1
29018.02,1,0,2,1,427,0
18504.49,0,0,0,1,337,0
30478.07,0,0,3,5,1485,0
54375.01,1,0,5,4,141,1
56434.33,0,0,2,2,262,0
76243.86,1,1,2,4,1449,1
89758.9,0,0,0,4,929,0
17577.16,0,0,0,4,869,0
92879.55,0,0,1,5,585,0
14353.81,0,0,2,0,1246,0
55403.8,0,0,1,2,368,1
97315.83,0,0,1,3,700,0
96552.54,0,0,2,8,145,1
32994.65,1,0,2,3,1195,1
1517.61,0,0,3,2,262,0
39620.36,0,0,1,1,333,0
27631.7,0,0,0,3,1489,0
839.11,0,0,2,2,773,0
9215.12,0,0,4,1,1479,0
69891.67,0,0,1,2,828,1
46448.32,0,0,1,4,878,0
86875.86,1,0,1,3,362,0
57319.51,0,0,1,3,961,0
27224.51,0,0,1,1,203,0
14832.31,0,1,4,1,1460,1
45756.83,0,0,1,2,527,0
25933.74,0,1,0,3,994,0
23593.51,0,1,1,3,1022,1
68249.08,0,1,1,5,705,1
39983.99,0,0,0,2,617,0
80118.64,0,1,1,4,1221,1
51170.29,0,1,2,4,1283,0
65288.24,0,0,3,2,694,1
99930.02,0,0,2,4,1167,0
74149.65,0,0,3,2,163,1
7074.29,0,0,0,2,907,0
19641.34,0,0,3,5,555,0
39630.75,0,1,2,2,1014,1
48240.93,1,1,1,2,1280,1
85859.26,0,0,0,3,111,0
73923.76,0,1,1,3,1483,0
93935.6,0,0,0,4,307,0
2174.33,0,0,0,5,1336,0
51301.01,0,0,0,6,89,1
19359.76,0,0,0,4,49,0
40869.25,1,0,1,4,227,0
86958.96,0,1,0,0,421,1
88500.99,0,0,1,2,1189,0
20372.3,0,0,1,5,594,1
34559.0,1,0,2,4,728,1
60095.71,0,0,0,4,1140,0
61091.2,0,0,2,4,1045,0
41122.9,1,0,1,4,969,1
39349.94,0,0,2,3,8,1
11361.78,0,1,0,3,1285,0
41818.76,0,0,1,5,310,1
25656.4,0,1,0,4,687,0
90510.89,0,0,1,3,1032,0
61181.94,0,0,1,5,793,0
50748.6,0,0,0,2,1143,0
99575.25,1,0,1,5,540,1
68073.52,0,0,1,6,1032,1
38843.33,0,1,4,0,945,1
1086.97,0,0,0,1,339,0
33004.21,0,0,1,6,1291,1
62072.25,0,0,0,2,66,0
48612.6,1,0,0,3,350,0
74792.41,0,1,0,0,420,0
82957.5,1,0,0,3,818,0
80398.06,1,0,0,1,1110,1
10333.97,0,0,0,4,756,0
38773.42,0,1,1,4,727,1
73787.36,1,0,2,1,883,1
21104.45,0,0,1,2,1003,0
60616.61,0,1,2,3,902,1
97094.89,0,0,0,5,1329,0
2114.12,0,0,2,4,571,0
34322.55,0,1,0,1,1361,0
4776.71,0,0,0,2,672,0
51556.99,1,0,2,2,440,0
89603.48,0,0,0,5,1257,1
21961.58,0,0,0,2,898,0
21728.62,0,0,0,2,1024,0
85822.0,0,0,2,5,713,0
77668.88,0,0,0,1,78,0
29411.75,0,0,1,2,1285,0
3529.73,0,0,1,5,541,0
50343.1,0,0,2,5,246,1
30908.08,0,0,0,8,509,0
6320.54,1,1,1,3,575,1
7158.81,0,0,0,1,394,0
90555.55,0,1,5,2,1271,1
49422.55,1,0,0,2,1276,0
61398.45,0,0,3,2,450,1
20913.39,0,0,2,2,671,0
54496.95,0,0,1,3,357,1
60853.48,0,0,1,2,27,0
52914.48,0,1,1,4,674,1
34609.82,1,0,1,7,465,1
53598.28,1,0,0,3,11,1
62439.6,1,0,0,2,981,1
52622.22,0,1,1,3,37,1
94825.89,0,0,3,1,1309,1
53276.45,0,0,2,3,469,0
2826.04,0,1,1,3,270,0
83733.74,0,0,0,4,607,0
52079.64,1,1,2,6,627,1
88908.39,1,0,1,4,1403,1
75936.0,0,0,0,5,347,1
56425.53,0,1,1,2,1,1
511.57,1,1,0,2,73,1
82667.29,0,0,1,2,743,0
27768.73,0,0,0,2,1210,0
55723.27,0,1,0,3,564,1
26614.05,0,0,1,3,1240,0
43671.1,0,0,3,6,515,1
65710.16,0,0,0,2,999,0
40659.98,1,0,2,1,1202,1
91333.1,0,0,2,2,791,1
26846.95,0,0,0,2,146,0
85970.8,1,0,2,2,486,1
12926.78,0,0,1,3,1174,0
20101.58,0,0,2,3,879,0
83731.03,0,0,2,2,558,0
96092.52,0,0,1,2,1363,0
8111.2,0,0,1,0,1289,0
99443.57,0,0,1,5,903,0
12577.9,1,1,2,3,75,1
33408.46,0,0,1,1,311,0
81598.03,0,0,2,3,500,0
68389.73,0,0,0,0,56,0
61080.08,0,0,0,3,323,0
94243.9,0,0,1,3,630,0
88517.95,0,0,2,3,1335,0
49534.42,1,1,1,4,1203,1
15999.99,1,0,3,2,543,1
49909.94,1,0,1,0,1448,1
91459.45,0,0,0,3,1212,0
35178.67,1,0,0,1,88,1
83797.78,0,0,0,4,35,0
13946.29,0,0,0,3,1379,0
97523.63,0,0,1,4,1153,0
12577.9,0,0,0,3,364,0
84771.19,0,0,0,5,653,1
98083.58,0,1,0,7,126,1
29822.02,0,1,0,3,1086,0
29271.6,0,0,1,3,455,0
47240.27,0,0,1,0,551,0
1615.1,0,0,3,1,73,0
89546.62,0,0,2,5,372,1
38135.73,0,1,2,2,1114,0
99297.2,0,0,3,3,1067,0
21956.19,1,0,2,6,1424,1
70781.09,1,0,1,2,977,1
374.82,0,0,1,2,586,0
11604.72,0,1,2,2,339,0
34240.13,0,0,1,3,1273,0
62553.66,1,1,0,4,99,1
91875.45,0,0,2,4,413,0
88686.87,0,0,1,2,915,0
93236.03,0,1,0,5,1284,1
88435.45,0,1,1,3,614,0
88757.65,0,1,0,1,361,0
78485.53,0,0,0,3,1223,0
53517.17,0,0,2,2,1364,0
40574.13,0,0,0,4,942,0
15868.81,0,1,4,5,809,1
8791.98,0,0,1,1,103,0
15070.51,1,0,1,6,110,1
14223.4,0,0,1,1,809,0
91312.01,0,1,1,2,1116,1
45584.45,0,1,0,5,1381,1
90181.76,0,0,2,3,739,0
68548.75,0,1,0,5,1173,1
12941.21,0,0,3,3,416,0
57889.25,1,1,2,2,105,1
55831.84,0,0,2,4,874,0
58060.76,0,0,0,2,552,0
66392.52,1,0,0,6,395,1
99406.19,1,0,2,3,539,1
21011.9,0,0,2,5,1157,0
1657.2,0,0,0,3,327,0
23509.75,0,0,2,4,193,0
32991.28,0,1,1,2,1042,1
57525.52,0,0,1,6,740,1
1768.94,0,0,1,2,245,0
45786.26,0,1,2,1,958,0
30231.91,1,0,3,6,840,1
36109.89,0,0,1,3,230,0
46648.37,0,0,1,2,216,0
81013.51,0,0,4,5,206,1
64787.15,0,0,3,1,1102,1
82317.82,1,0,3,2,836,1
701.6,0,0,0,1,34,0
79157.15,0,1,1,2,125,0
97288.49,0,0,0,3,1125,0
325.07,0,0,0,0,846,0
29636.29,1,0,1,3,141,0
27636.86,0,0,1,4,11,1
82551.36,0,0,0,7,374,1
13593.53,0,0,2,5,1040,0
90984.1,0,0,0,2,1459,0
55263.36,0,0,4,3,471,1
73698.49,0,0,2,2,1321,0
99835.6,0,0,0,3,691,0
21220.16,0,0,1,2,669,0
84472.66,0,0,0,1,1173,0
52354.49,1,0,1,7,1196,1
12946.31,0,0,2,2,1481,0
54326.81,1,0,1,2,942,0
11568.34,1,0,4,4,1357,0
79327.14,1,0,0,2,834,0
10506.66,1,0,0,3,167,0
88657.79,0,1,0,2,140,1
2580.96,0,0,2,2,785,0
8826.06,0,1,2,3,1295,0
72952.3,0,0,1,2,253,0
349.3,1,0,3,1,511,1
14433.58,1,0,0,4,984,0
57739.47,0,0,1,3,156,0
35681.5,0,0,2,7,753,1
83132.45,1,1,1,3,298,1
42499.47,0,0,2,3,913,0
61001.07,0,0,1,4,1446,0
22161.16,1,0,2,5,486,1
95646.32,1,0,0,0,1242,0
74568.48,0,0,2,2,451,0
4741.5,0,0,0,4,1059,0
62824.39,1,0,1,4,1166,1
97018.38,0,0,1,2,804,0
44282.75,0,0,1,3,287,0
15969.32,0,0,1,4,1123,0
21828.66,0,1,0,1,318,0
6181.18,0,1,1,2,621,0
29767.4,1,0,0,3,131,0
1938.32,0,0,0,1,1380,0
90135.35,0,0,2,1,637,0
28683.48,0,0,1,2,421,0
64505.2,1,0,0,6,1068,1
69118.52,0,0,2,1,130,0
10417.29,0,0,2,1,721,0
23996.08,0,0,2,4,986,0
36629.05,0,0,1,4,794,0
94542.26,0,0,1,3,915,0
47052.01,0,0,2,3,129,0
10456.55,0,0,0,1,660,0
60664.28,0,0,2,0,130,1
79558.29,0,0,0,4,422,0
36337.41,1,0,2,4,493,0
78215.22,0,0,0,3,584,0
74279.46,1,0,2,7,1485,1
25993.4,0,0,1,7,940,1
4155.95,0,1,1,1,1482,0
85790.93,0,0,0,0,727,0
84287.89,0,0,0,3,656,0
79686.17,0,0,1,6,1133,0
10132.89,1,0,1,2,1073,0
130.68,0,0,0,1,29,0
39210.75,0,0,0,2,626,0
92457.79,0,0,1,4,1445,0
7612.14,0,0,3,7,318,0
42258.28,0,0,3,3,1015,0
66333.29,0,0,0,4,1235,0
750.98,0,0,1,7,153,0
750.21,1,0,2,4,259,0
79737.06,1,0,4,2,944,1
57620.52,1,1,0,5,1385,1
34110.73,0,0,1,3,1103,0
68650.53,0,0,3,3,498,1
37935.84,0,1,2,1,492,1
62443.44,0,1,1,3,228,1
59191.87,0,0,0,0,157,0
46025.13,0,0,3,4,608,0
49585.15,0,1,2,1,649,1
96229.94,0,0,1,3,226,0
12491.95,0,0,1,1,345,0
29165.95,0,0,1,4,1308,0
28678.29,0,1,1,1,394,0
22824.82,0,0,1,2,1499,0
48554.32,0,1,0,6,1440,1
92240.07,0,0,0,2,249,0
40011.48,0,0,2,2,540,0
57846.21,0,0,0,4,80,1
70603.7,0,0,0,3,358,0
23126.7,0,0,0,3,353,0
79344.65,0,1,0,3,52,1
63779.1,0,0,1,3,471,1
76290.51,1,0,0,0,666,0
23847.51,1,1,1,6,708,1
40902.82,0,0,2,5,1060,1
91500.01,0,0,0,4,579,0
9262.79,0,0,1,5,107,0
72255.58,0,0,0,4,134,0
37754.9,0,1,0,4,748,1
91456.06,1,0,1,2,1219,1
76475.2,0,1,3,3,225,1
95968.06,0,0,1,4,1269,0
86872.06,1,1,0,4,1081,1
82898.56,1,0,0,3,342,1
85662.6,0,0,0,1,811,0
4771.33,0,0,0,3,377,0
75100.8,0,1,1,3,418,1
99105.71,0,0,3,3,940,1
90025.46,0,1,0,4,1204,1
56942.68,0,0,0,4,4,0
9128.32,0,0,1,2,1157,0
76894.22,1,0,1,5,1238,1
57860.03,0,0,0,6,500,1
29086.35,1,0,1,5,958,1
36148.91,0,0,1,3,288,0
87938.94,0,0,0,2,512,0
74954.36,0,0,2,4,495,0
70077.54,1,0,1,7,531,1
42622.07,0,1,3,4,881,1
75478.34,0,0,0,4,421,0
94810.45,1,1,2,3,1144,1
40997.74,0,1,2,2,1240,0
72609.47,0,0,1,6,546,1
76800.38,0,0,1,4,552,1
84575.33,0,0,0,2,618,0
98551.08,1,0,1,1,765,1
69285.06,0,0,1,7,643,1
98619.07,0,0,0,2,163,0
85006.15,0,0,1,4,678,0
76598.1,0,0,0,4,679,0
45504.91,0,0,1,5,233,1
37942.53,0,0,1,2,580,0
22278.85,0,1,1,1,924,1
51289.37,0,1,1,1,530,1
8644.98,0,0,1,3,669,0
18322.7,1,1,2,1,1343,0
24590.29,0,0,5,2,255,0
91790.92,1,1,2,0,635,1
45179.38,0,1,0,6,10,1
40843.15,0,0,1,2,1458,0
41464.79,0,1,2,2,754,1
85810.91,0,0,1,1,783,0
16436.27,0,0,1,2,435,0
1776.09,1,0,1,3,217,0
39803.78,0,0,0,1,836,0
9922.53,1,1,3,3,148,1
29121.89,0,0,2,2,1222,0
31632.25,0,0,2,5,994,1
9513.39,0,0,3,4,882,0
88330.24,0,0,4,4,257,0
23668.72,1,0,2,3,134,1
97566.31,1,0,3,2,1213,1
66355.11,0,0,0,5,280,1
32449.47,0,0,1,3,850,0
96136.34,0,0,2,2,921,0
96187.13,0,0,0,3,994,0
8452.99,0,0,1,3,1367,0
82032.39,1,0,0,2,1213,1
34560.76,1,0,2,3,1331,1
41999.75,0,1,2,2,313,1
28875.6,1,0,0,3,14,1
59760.22,0,0,0,8,956,0
78793.31,0,0,2,4,885,0
82372.92,1,0,0,1,19,1
90564.27,0,0,0,4,1423,0
6275.39,1,0,1,5,428,1
66976.02,0,0,0,2,1270,0
78598.49,0,0,1,1,1432,0
45500.9,0,0,0,2,1455,0
9695.67,0,0,1,1,287,0
7691.27,0,0,2,2,271,0
74306.09,0,1,0,1,697,1
19387.92,1,0,0,4,436,0
12027.14,0,0,0,2,1333,0
79283.23,0,0,1,5,877,1
52448.06,0,1,1,2,251,0
31357.0,0,0,1,2,763,0
84878.98,0,0,1,1,549,0
92574.78,0,0,0,1,433,0
93463.1,0,0,1,3,11,1
73442.79,0,0,0,2,901,0
34235.66,0,0,0,2,1388,0
17545.76,0,0,1,5,1386,0
50447.79,1,0,1,4,1319,1
50223.65,0,1,1,1,553,1
46248.61,0,0,0,1,579,0
5918.52,0,0,0,1,865,0
61206.04,0,0,2,3,361,0
86352.32,0,0,3,0,1336,1
9439.95,0,0,2,3,65,0
71080.01,0,0,1,1,1128,0
62126.88,0,0,1,4,961,0
12908.83,0,1,1,2,221,0
90067.74,1,0,0,2,183,0
64208.9,0,0,0,2,1094,0
65641.5,0,1,0,3,35,1
61236.89,0,1,0,3,294,1
8708.05,1,0,3,3,851,0
93518.16,0,0,1,4,1194,0
89883.83,0,0,2,3,672,0
70264.91,1,1,1,1,315,1
18749.49,1,1,0,6,716,1
81781.87,0,0,0,4,845,0
40684.8,1,0,0,1,1180,0
35025.09,0,1,1,3,959,1
6617.52,0,0,1,5,965,0
44559.71,1,0,1,3,399,0
73214.55,0,0,1,3,1253,0
78415.47,1,0,1,4,971,0
89027.31,0,1,1,5,351,1
9671.58,0,0,1,1,564,0
91718.17,0,0,0,1,1142,0
98209.34,0,1,1,3,1246,0
30267.82,0,0,0,3,919,0
37097.75,0,1,2,2,549,1
57458.25,1,0,2,3,1325,0
43825.63,0,0,3,3,988,0
683.58,0,0,0,2,1460,0
45385.82,0,0,0,0,1056,0
64648.42,0,0,2,5,791,1
17850.53,0,0,1,0,7,0
95760.11,0,0,0,8,688,0
11988.64,0,0,1,4,1077,0
67096.35,0,1,2,4,431,1
78231.6,0,1,1,3,84,1
82622.11,0,0,2,4,549,0
6244.72,1,0,1,3,754,0
96382.69,0,1,0,3,523,0
99158.72,0,0,0,2,499,0
88822.55,0,0,1,3,564,0
55019.26,0,0,4,5,1310,1
58718.36,1,0,2,1,386,1
6087.05,0,0,1,4,1086,0
74210.76,0,0,2,2,1467,0
23947.5,1,0,0,3,1014,0
15996.18,0,0,0,7,508,0
33329.19,0,0,0,2,124,0
34012.2,0,0,1,1,351,0
74710.01,1,0,0,6,666,1
72959.21,0,0,0,5,1368,1
29941.65,0,1,1,2,874,1
52306.63,0,0,1,6,588,1
9187.89,0,0,2,5,1357,0
27576.52,0,0,0,4,855,0
66889.4,0,0,1,5,757,1
32475.74,1,0,1,0,495,0
11924.89,0,0,0,3,1421,0
24082.22,1,0,1,4,533,1
78160.52,0,0,1,4,188,0
63387.96,0,0,0,0,369,0
96047.11,0,0,1,7,985,0
44110.03,0,0,2,3,1458,0
21430.13,1,1,1,0,225,1
26418.0,0,0,0,2,1413,0
42904.46,0,0,2,3,1495,0
32255.78,0,0,1,3,972,0
22923.16,0,0,0,4,36,0
13369.33,0,0,1,1,777,0
48570.17,1,0,0,4,1226,0
80228.37,0,0,2,3,671,1
73913.54,0,0,1,2,209,1
7924.62,0,0,2,1,1256,0
16479.82,1,0,0,2,77,0
42924.74,0,0,3,6,765,1
60816.99,0,0,2,5,585,1
91595.87,0,1,0,0,837,1
59732.82,0,0,1,4,451,0
12677.2,0,1,2,3,651,0
71304.0,0,0,0,2,629,0
15673.45,0,0,1,5,1051,1
77699.16,0,0,2,3,1266,0
96454.93,1,0,1,3,357,1
57017.85,0,0,0,4,924,0
84464.23,0,1,5,2,853,1
88853.77,0,0,0,7,1030,0
41347.51,0,0,0,1,816,0
96182.48,1,0,2,2,992,1
28643.39,0,0,0,4,912,0
65486.0,0,1,0,3,1020,1
73363.62,1,0,1,2,5,1
75016.75,0,0,0,1,1180,0
6308.98,0,0,0,4,1268,0
88458.02,0,0,0,3,1062,0
209.04,0,0,0,5,602,0
26459.6,1,0,4,2,311,0
6085.23,0,0,0,4,853,0
5958.21,1,0,1,1,677,0
94866.16,0,0,1,2,42,0
71754.36,0,0,2,3,1339,1
69470.09,0,1,0,6,18,1
78602.77,0,0,0,2,1461,0
72203.32,1,0,0,3,635,0
80589.35,0,0,5,3,454,0
8018.69,0,0,0,1,234,0
73116.32,1,0,0,3,603,1
90990.15,0,1,3,6,546,1
14793.89,0,0,1,2,1073,0
58754.0,0,1,0,7,437,1
37133.15,1,1,0,5,1346,1
37634.45,1,1,0,7,736,1
76785.15,0,1,2,5,676,1
81340.01,0,1,1,5,796,1
35539.62,1,1,2,0,540,1
59753.08,1,0,2,3,263,1
81761.78,0,0,0,4,1188,0
15354.48,1,0,0,5,1487,1
70099.86,1,0,0,3,1114,1
44156.46,0,1,0,2,754,0
6379.95,0,0,1,2,167,0
61767.65,1,0,0,4,921,1
51840.38,1,1,1,4,946,1
24668.32,1,0,3,6,1266,1
1129.31,0,1,1,2,1277,0
87274.54,0,0,0,4,11,0
80957.73,0,0,2,5,823,1
76948.09,0,0,1,3,853,0
27679.58,0,0,3,3,591,0
44266.42,0,0,1,7,250,0
99927.72,1,0,1,5,31,1
24549.44,1,1,0,1,1371,1
29216.02,0,0,1,5,1490,1
73767.38,1,0,1,2,1164,1
75675.82,0,0,0,5,1378,0
7497.39,0,0,1,4,790,0
18341.62,0,0,1,0,827,0
67082.24,1,1,0,5,105,1
44052.32,0,0,0,1,606,0
47086.93,0,0,4,7,489,1
27945.35,0,0,2,2,612,0
10368.28,0,0,1,1,389,0
35305.09,1,0,0,2,1438,0
57284.66,1,0,0,2,504,1
36787.86,1,0,1,4,975,1
39080.97,1,0,1,2,442,0
21827.57,1,0,1,1,1062,1
66469.77,0,0,0,2,192,0
22053.89,1,0,1,2,1235,1
40183.52,0,0,0,0,1426,0
19862.92,0,0,2,2,223,0
12811.59,0,0,1,5,719,1
55033.37,0,0,1,3,1433,0
78174.62,0,0,0,4,475,0
3916.26,1,0,1,3,1142,0
41154.29,1,0,1,5,604,1
25462.5,0,1,0,2,1174,0
85177.48,0,0,1,3,684,0
50375.48,0,0,1,2,1144,0
95188.67,0,0,2,1,202,1
90498.78,0,0,0,1,1246,0
45822.65,1,0,1,3,252,0
10435.48,0,0,3,3,126,0
52174.97,0,0,1,2,1148,1
75594.04,0,1,0,3,640,1
7186.01,0,0,0,4,458,0
34397.35,1,1,0,2,87,1
63782.62,1,1,2,7,1091,1
73278.35,0,0,0,1,1463,0
60218.54,0,0,1,2,634,0
63191.32,1,1,1,1,536,1
83100.43,1,1,3,1,1204,1
67496.97,0,0,1,1,847,0
71420.08,0,0,0,3,536,0
53492.7,0,1,3,4,1449,1
92644.35,1,0,0,0,1305,0
63362.91,1,0,0,1,1251,1
72398.07,1,0,2,5,1151,1
49155.62,1,0,1,5,213,1
1203.53,0,0,2,0,304,0
48658.77,0,0,2,4,458,0
47813.6,1,0,2,2,1139,1
28114.71,0,0,3,3,536,0
22833.51,1,1,0,5,920,1
29370.39,0,0,1,2,545,0
83618.69,0,0,3,2,646,1
47230.87,0,0,0,4,396,0
60638.03,0,0,1,5,428,1
29543.2,0,0,0,3,1291,0
18693.61,0,0,0,1,931,0
30606.35,0,0,0,1,1087,0
8457.3,0,0,3,3,49,0
83850.73,0,0,1,2,46,1
51704.42,0,0,0,4,869,0
80273.97,0,0,1,6,1042,1
93807.87,0,0,1,3,1309,0
48430.94,0,1,0,4,436,0
64004.84,1,0,2,4,235,1
3429.55,0,1,1,3,749,0
98964.84,0,0,2,5,741,0
85424.57,1,1,1,0,248,1
88318.46,1,0,0,6,1158,1
2133.87,0,1,3,2,458,1
56340.63,1,0,0,4,1257,1
60054.39,0,0,1,1,601,0
51692.81,0,0,1,2,943,0
64769.95,0,1,2,3,184,1
4684.8,1,0,0,3,602,0
39072.64,1,0,0,3,512,0
88557.69,0,0,3,2,901,1
51995.31,0,0,2,3,541,0
11178.06,1,1,0,5,1213,1
31999.75,0,0,0,4,892,0
9016.62,0,1,3,4,225,1
31612.9,0,0,3,3,172,1
2187.53,0,1,1,2,297,0
75334.66,0,0,1,2,1493,0
19760.55,1,0,0,3,1168,0
79052.99,0,0,1,5,1416,1
89241.26,0,0,0,1,1181,0
85306.0,0,0,1,5,1334,1
62141.52,0,0,2,4,839,0
79117.44,1,0,0,4,231,1
15270.34,0,1,1,1,483,0
50411.79,0,0,2,2,555,0
57099.65,0,0,1,6,1403,1
41677.63,0,0,0,1,1125,0
13981.93,0,0,0,4,836,0
96248.86,0,0,3,3,707,1
267.21,0,0,0,3,1192,0
37088.45,0,1,1,3,464,0
69223.3,0,0,2,1,998,0
65831.66,0,0,0,0,985,0
10279.81,0,0,1,6,910,0
20157.19,1,1,1,4,1351,1
67940.08,0,0,0,3,734,0
54943.37,0,0,1,4,945,0
19540.56,0,0,0,4,1412,0
53529.33,1,0,2,0,25,1
23030.69,1,0,1,3,186,0
45551.87,0,1,0,1,1187,0
99780.97,1,0,1,2,418,0
34821.76,0,0,2,1,486,0
57065.84,0,0,0,3,1042,0
38716.36,1,0,0,3,740,1
82339.24,1,0,0,2,1444,0
8672.87,0,0,0,1,961,0
9842.85,0,0,1,3,1318,0
96628.34,0,1,0,8,511,1
5549.86,0,0,1,2,836,0
63094.97,0,0,1,5,1011,0
91407.33,0,0,0,2,1089,0
79606.84,0,0,0,5,805,1
71342.16,0,0,3,5,1119,1
71098.29,0,0,0,0,670,0
14585.08,0,0,0,3,23,0
68225.18,0,0,0,4,313,0
52751.23,0,0,1,1,1164,1
25158.9,0,0,1,3,542,0
33016.66,1,1,1,2,509,1
77525.19,0,0,0,2,561,0
97744.31,0,0,2,0,83,0
56834.74,0,1,1,1,238,0
13264.58,0,0,0,3,539,0
39926.04,0,0,2,2,198,0
71196.91,1,1,1,1,733,1
16269.28,0,1,1,1,207,1
23699.53,0,0,1,3,747,0
60005.48,0,0,1,3,903,1
32309.97,0,1,1,1,1268,1
89440.66,1,0,1,1,1343,1
26587.33,1,0,1,1,920,1
84983.31,1,0,0,1,231,1
60041.65,0,0,1,4,378,0
73233.0,0,1,2,2,1228,1
34965.09,0,0,0,4,434,0
17765.72,1,1,2,3,737,1
64846.23,0,1,5,3,67,1
49442.18,0,1,0,2,546,1
67382.64,1,0,0,3,1047,1
67589.35,0,0,1,5,212,1
11897.37,0,0,3,4,962,0
57901.79,0,0,1,5,619,0
49223.51,0,0,1,5,1100,1
98449.7,0,1,2,3,293,1
78086.89,1,0,0,5,908,1
81679.26,1,0,2,3,638,1
61714.69,0,0,2,3,557,1
36446.95,0,0,2,4,926,0
13498.08,0,0,0,3,1019,0
21746.55,1,0,0,2,82,1
7732.93,0,0,0,4,785,0
54335.21,0,0,1,6,359,1
77159.1,1,1,1,3,821,1
9451.41,0,0,1,4,813,0
60824.17,1,0,3,5,438,1
52463.47,0,0,1,0,517,1
33941.0,0,0,1,3,142,0
33101.25,0,0,0,3,1263,0
92247.61,0,0,2,2,1038,1
4758.82,0,1,2,4,422,0
38888.47,0,0,2,2,404,0
64125.81,0,0,1,2,781,0
2828.93,0,0,0,4,35,0
29714.46,0,1,1,4,850,0
57553.29,1,0,0,4,1107,1
6102.83,0,0,2,3,282,0
80868.2,1,0,1,0,664,0
25016.65,1,0,1,3,28,1
32433.44,0,0,2,4,1026,0
49241.66,0,1,0,5,1398,1
8199.69,0,0,0,2,1152,0
71412.84,0,0,2,2,1040,0
70521.49,0,0,0,5,1184,0
71898.85,0,0,1,6,429,1
20225.35,1,0,0,5,33,1
74186.42,1,0,0,4,362,1
68054.02,0,0,1,4,244,0
5289.18,1,0,1,1,160,0
7884.92,0,0,1,2,514,0
72777.45,1,1,1,7,669,1
91770.38,1,0,0,6,791,1
80873.13,0,0,2,2,1171,0
70218.8,0,0,0,4,836,0
64077.31,0,0,3,3,629,1
56468.57,0,0,3,4,87,1
84785.87,0,0,1,2,1402,0
65115.44,0,0,0,2,1493,0
76526.03,1,0,1,5,107,1
79810.49,0,1,0,2,47,1
12688.87,0,0,0,1,680,0
99410.82,0,1,2,2,809,0
98358.22,0,1,5,1,1113,1
68427.45,0,0,2,1,1059,0
54869.5,0,0,0,4,791,0
58803.97,1,0,2,3,1069,1
88902.64,0,1,2,6,361,1
63721.76,0,0,1,3,795,1
17226.82,0,1,2,4,463,1
27234.54,0,0,0,2,497,0
27068.84,0,0,0,4,729,0
25046.67,0,0,0,2,1455,0
32688.73,1,1,1,3,843,1
97043.24,0,0,1,3,1333,0
88959.83,0,1,3,5,226,1
84586.12,0,0,3,4,345,0
52955.55,0,0,2,2,1182,0
68354.58,0,0,1,4,259,0
92405.92,0,1,2,4,643,1
18905.24,1,0,1,1,73,0
67388.15,1,1,1,1,1185,1
5325.45,0,0,1,2,441,0
50529.3,0,0,2,3,927,0
67030.14,0,0,1,5,1030,0
56325.28,0,0,3,1,699,1
44479.97,0,1,1,3,426,1
11192.77,0,1,2,2,1424,0
98929.56,0,0,0,2,1475,0
28447.4,0,0,2,1,518,0
67185.41,0,0,1,5,942,1
62730.1,0,0,1,5,604,1
67970.33,0,0,1,3,615,0
75478.05,0,1,0,3,478,1
12708.28,1,0,0,1,998,0
91279.86,0,0,0,2,555,0
40760.92,0,0,1,3,812,0
20924.48,0,0,1,6,649,1
4447.86,0,0,0,2,353,0
93020.59,0,0,1,4,1318,1
60527.36,1,0,1,0,557,1
80367.59,0,1,1,3,410,0
60195.21,0,0,2,0,791,0
98910.73,0,0,0,3,480,0
98543.77,0,1,0,1,650,0
8069.0,0,1,2,4,111,0
95392.72,0,1,6,1,1126,1
21219.13,0,0,1,6,1059,1
97727.41,0,0,2,2,909,0
56069.45,0,0,3,1,955,1
35808.22,0,0,2,6,1448,0
72783.81,0,1,2,2,27,1
73659.61,0,0,1,4,109,0
62161.87,0,0,2,3,941,0
74967.58,1,0,2,0,537,1
25586.12,0,0,1,3,1172,0
64935.61,0,0,2,3,125,0
9156.78,0,0,0,1,773,0
11268.9,1,0,4,2,1077,1
19754.38,0,0,2,5,774,0
77086.95,0,1,0,3,802,0
20643.96,0,0,1,3,717,0
41519.48,0,0,1,1,476,0
68182.55,0,0,1,2,406,0
14315.67,1,0,0,2,1425,0
44749.07,0,0,1,3,59,0
40740.93,1,0,1,5,286,1
69665.87,0,0,2,2,336,0
54298.67,0,1,1,3,89,1
71644.57,0,0,1,1,503,0
37063.48,0,0,2,4,304,0
22053.25,1,0,1,4,533,0
91766.52,1,1,0,4,255,1
95867.96,0,0,0,4,1055,0
57032.71,0,1,1,2,1363,0
37169.12,0,0,1,2,624,0
1025.76,0,0,0,4,208,0
37812.28,0,0,0,2,1107,0
5315.25,0,0,1,2,1338,0
32923.49,0,1,1,4,749,1
24621.0,0,0,0,4,498,0
41863.36,0,0,2,0,516,0
3048.26,0,0,0,3,623,0
63850.13,0,0,2,3,707,0
3134.35,0,0,0,2,1094,0
68475.4,0,1,2,4,323,1
19562.88,0,1,0,4,994,0
75835.2,0,0,1,5,879,0
92926.09,0,0,0,0,542,0
44961.0,0,0,3,6,1009,1
38510.91,0,1,1,6,988,1
59395.65,1,0,0,6,151,1
2720.44,0,0,3,2,367,0
41704.13,0,0,0,4,419,0
9044.61,1,1,3,2,94,1
11611.31,1,0,1,2,169,0
2243.4,0,0,2,7,1189,0
61484.45,0,0,0,3,1472,0
99010.8,1,0,2,5,1346,1
19678.83,0,0,0,3,1063,0
36310.88,0,0,2,2,772,0
83194.44,0,0,1,2,703,0
63299.34,0,0,0,5,73,1
93036.56,0,0,0,5,462,1
85997.21,0,0,0,6,168,1
51770.64,0,0,0,3,1138,0
89061.53,1,0,2,4,1259,0
21480.38,1,1,1,5,10,1
23490.1,1,0,2,7,1107,1
65449.14,0,0,1,3,429,1
89239.11,0,0,0,3,977,0
35912.54,0,1,1,5,65,1
26444.95,1,1,0,3,75,1
67554.44,0,0,0,2,952,0
49075.29,0,0,0,3,1396,0
22703.61,1,0,0,4,766,0
51169.36,1,0,1,7,920,1
84058.13,0,0,0,2,1352,0
2292.55,1,0,0,4,1395,0
40665.58,0,0,1,4,50,0
66561.61,0,1,1,2,208,1
36208.81,0,0,1,5,1044,1
49073.98,0,0,0,5,1365,0
72869.29,0,0,0,2,1198,0
1137.91,1,1,0,0,756,0
84146.18,0,0,0,5,584,1
41255.05,1,1,0,3,59,1
63148.57,0,1,2,1,731,1
85235.66,0,0,0,3,230,0
75141.83,0,0,4,1,1427,1
59831.89,0,0,0,4,1454,0
19312.36,1,0,0,4,1267,0
7509.58,0,0,2,3,506,0
14211.48,0,1,1,2,917,1
88982.06,0,0,0,4,420,0
19908.28,0,0,0,3,537,0
35403.08,0,0,2,3,1456,0
53914.33,0,0,2,4,1431,0
2787.72,0,0,0,4,72,0
73787.63,0,1,2,3,231,1
13480.28,1,1,1,2,708,0
35859.66,0,0,0,1,206,0
26432.56,1,0,0,5,772,0
51095.33,0,0,0,2,66,0
37686.38,0,0,0,2,927,0
30946.7,1,1,3,4,50,1
33550.67,0,1,1,5,979,1
56376.79,0,0,1,1,575,0
27841.38,0,0,2,1,1371,0
88109.36,1,0,0,2,525,1
48939.98,0,0,1,4,973,0
81215.26,1,0,2,5,554,1
45814.15,1,0,0,3,1218,1
89852.48,0,0,2,5,384,1
58462.49,0,1,0,0,240,1
76786.68,0,0,1,4,472,0
69137.65,1,0,1,2,849,1
12085.53,0,0,0,5,1231,0
20709.08,0,0,0,8,1090,0
31487.74,1,0,0,4,404,0
18749.62,0,0,0,2,933,0
82341.32,0,0,0,4,640,0
66956.75,0,1,2,0,1264,1
11817.22,0,0,1,2,732,0
83272.08,0,0,0,4,539,0
30809.67,1,0,0,3,1205,0
78654.57,0,0,1,1,1001,0
76233.36,0,0,2,2,75,0
36983.47,0,1,3,3,993,1
60461.57,0,0,0,3,592,0
82642.25,0,0,0,1,866,0
5959.78,0,0,1,2,182,0
82607.04,0,0,1,4,706,1
73012.34,0,0,0,4,1304,0
17505.92,0,0,1,3,263,0
36721.93,0,0,1,2,1048,0
82934.43,0,0,1,2,7,1
95178.49,0,0,1,3,946,0
1036.35,0,0,2,3,851,0
97540.67,0,0,1,4,1320,0
98684.95,0,0,0,4,607,0
9151.99,0,0,2,4,1384,0
55737.62,0,1,0,1,943,0
61556.06,0,1,3,2,1324,1
19273.34,0,0,0,4,1225,0
46826.88,0,0,3,6,653,0
90710.62,0,0,1,4,1031,0
56499.86,1,0,0,2,360,0
84287.36,0,0,0,4,1193,0
47190.77,1,0,0,3,1120,0
6119.54,1,0,0,2,452,0
32188.01,0,0,2,4,46,0
75635.18,0,1,2,3,135,1
88808.6,0,0,2,4,764,0
74519.05,1,0,0,1,665,1
39275.2,0,0,1,2,1008,0
33483.65,0,1,0,3,173,0
5521.55,0,0,1,4,566,0
65303.23,0,0,0,5,1267,1
46453.32,1,0,0,2,769,1
8441.16,1,0,1,6,531,0
2965.69,0,0,1,2,13,0
44493.51,1,0,0,1,1194,0
96198.1,0,0,2,3,598,0
5328.8,1,0,2,5,723,1
57841.06,0,0,0,3,592,0
39428.62,0,0,2,5,451,1
78028.27,0,0,1,2,461,1
17825.93,0,0,2,1,1081,0
55457.53,0,0,0,2,1111,0
64535.23,0,1,1,6,1140,1
21231.07,1,0,3,4,1472,1
27932.72,1,1,2,3,1034,1
35081.62,0,0,0,1,319,0
12511.42,0,1,0,4,792,0
8614.34,1,1,5,6,1441,1
41254.23,0,0,2,1,12,1
29179.62,1,0,3,3,1202,1
41652.1,0,0,2,2,1,1
18990.2,0,1,1,1,486,0
67662.04,0,1,0,3,397,1
29473.58,0,0,1,1,700,0
21094.81,0,0,1,2,1146,0
30665.02,0,0,0,1,850,0
85501.21,0,0,1,0,304,1
44365.88,0,1,1,3,873,0
27350.43,1,1,0,3,884,1
90771.05,0,0,2,4,946,0
93838.14,0,0,2,2,93,0
12561.83,1,0,2,3,1134,0
25832.48,1,0,1,4,862,1
1077.81,0,0,1,3,1404,0
88241.95,0,1,0,1,172,1
2921.8,0,0,0,3,216,0
66051.89,0,1,0,0,149,1
35833.87,0,0,1,3,1452,0
99042.37,0,1,1,2,1290,1
75712.29,0,0,2,1,1211,0
57127.76,0,1,0,1,259,1
2086.7,0,0,2,4,719,0
71102.44,1,1,1,4,90,1
69551.65,0,0,1,5,622,0
99374.46,0,0,0,5,919,1
81508.14,0,0,2,3,524,0
69031.99,1,0,1,3,575,1
38377.0,0,0,2,2,1450,0
64191.17,1,0,1,4,1038,1
16981.54,0,0,0,3,516,0
64898.79,0,0,2,1,1492,0
67917.56,0,0,3,4,24,1
48500.25,1,0,1,2,62,1
47541.64,1,1,2,6,627,1
14896.82,1,0,0,3,565,0
66635.74,0,0,1,5,1454,0
37840.97,1,0,3,2,428,0
45512.09,1,0,2,5,1233,1
73002.77,0,1,1,7,139,1
59428.74,0,0,1,3,376,0
84961.86,1,0,0,2,1273,1
29399.43,1,0,1,5,697,1
34734.37,0,0,1,3,1197,0
98666.57,0,1,0,1,557,1
77308.49,0,0,1,1,660,0
32583.9,0,0,1,4,655,0
42828.24,0,0,0,4,1228,0
68711.5,1,0,0,1,1192,1
78004.97,1,0,1,2,281,1
15298.61,0,0,0,3,975,0
71911.05,1,0,2,5,805,1
51636.62,0,1,1,3,660,0
59685.69,1,1,0,2,1413,1
71473.98,0,0,0,3,203,0
43890.41,0,0,2,4,642,0
90068.8,0,0,1,1,1467,1
64498.72,0,0,1,2,78,1
68775.33,1,0,2,1,834,1
18609.01,0,0,2,3,383,0
5255.67,0,0,2,7,25,0
84401.07,1,0,4,1,531,1
21594.18,1,0,0,2,1363,0
87643.57,0,0,0,0,1359,0
82240.41,0,0,0,4,823,0
30307.76,1,0,1,2,759,1
76323.88,1,0,0,5,1254,1
44651.44,0,0,1,3,585,0
10527.26,0,0,1,5,708,0
96290.68,0,1,1,5,1336,1
10234.21,1,0,0,5,911,1
17648.0,0,0,0,2,153,0
34438.1,1,0,1,5,1346,1
77258.46,0,0,0,4,960,0
18820.04,0,1,3,1,234,0
92110.08,0,0,1,2,1145,0
21633.97,0,0,0,0,584,0
30606.62,0,0,2,2,63,0
93038.95,0,1,2,4,248,1
46633.98,0,0,1,1,748,0
56906.97,0,1,1,3,45,1
40756.41,0,0,3,2,1446,0
29195.73,1,0,1,4,1334,1
9136.32,1,0,1,2,1210,0
95638.99,1,0,2,5,1114,1
2803.36,0,1,0,3,549,0
21205.01,1,0,0,2,207,1
36950.15,1,0,0,3,1204,0
75981.26,0,0,0,5,1018,1
71518.56,1,0,3,1,227,1
75434.91,0,0,1,1,1061,0
8316.14,0,0,0,1,145,0
84527.68,1,0,0,9,1235,1
90765.84,1,1,3,4,1401,1
93754.7,0,0,1,1,441,0
22766.94,0,0,2,8,773,1
34694.83,0,0,2,0,561,0
18047.53,0,0,2,6,762,0
89633.05,1,1,2,1,913,1
48812.47,0,0,1,3,674,0
26300.56,0,0,2,5,881,1
12875.46,0,0,0,1,306,0
731.98,0,0,3,2,1251,0
9964.8,0,0,2,3,1436,0
29888.72,0,1,1,3,480,1
90413.17,0,1,0,2,1397,0
1058.79,0,0,0,2,1348,0
37639.33,0,0,2,0,99,0
28284.24,1,0,0,3,1498,0
24852.28,0,1,0,1,1281,0
30733.51,0,1,3,4,629,0
96109.31,0,0,2,5,779,0
51106.48,0,0,1,5,128,0
48334.3,0,0,1,0,283,0
37761.17,0,0,4,4,30,1
49586.25,0,1,1,1,994,1
82399.27,0,1,2,9,402,1
36996.06,0,0,1,0,1205,0
3166.79,1,0,0,6,15,0
58246.15,1,0,1,2,1119,0
89091.46,0,0,0,3,73,0
7955.52,1,0,1,4,371,0
34910.09,0,1,2,3,113,1
38507.65,1,0,0,1,222,0
73452.18,0,0,0,6,360,1
1751.94,0,0,1,4,360,0
92084.25,1,0,0,2,1332,1
62455.73,0,0,1,1,291,0
63450.79,0,0,1,4,306,0
61202.33,0,0,1,2,636,0
8083.3,1,0,2,5,180,1
80639.04,0,0,1,1,17,1
41965.29,0,0,1,2,118,0
15244.13,0,0,0,4,143,0
41279.42,1,0,3,4,1033,1
98939.12,0,1,0,4,579,1
6570.66,0,1,1,2,21,1
15998.44,1,0,0,7,18,1
79748.45,0,0,1,3,390,1
29529.76,1,0,2,1,1422,1
7553.86,0,0,1,2,1310,0
83697.15,0,0,0,4,1158,0
24556.67,0,0,0,4,1338,0
98006.29,1,0,1,7,875,1
74480.8,0,1,0,1,978,1
85853.96,0,1,1,3,857,1
62758.17,0,0,1,4,290,0
57598.82,0,0,0,3,499,0
79648.07,0,0,0,2,311,0
609.33,1,0,0,2,1302,0
34858.27,0,0,2,2,712,0
3225.07,1,1,1,2,282,0
52600.79,1,0,1,4,685,0
12006.07,0,0,5,2,362,0
44560.75,1,0,0,3,514,0
86880.82,0,0,1,5,1248,1
21591.89,0,0,1,4,587,0
2670.48,0,0,1,2,1186,0
9995.66,1,0,1,2,264,0
65369.3,0,0,1,3,1447,0
35536.64,0,0,1,2,456,0
34280.15,0,0,1,4,769,0
83191.91,0,0,0,2,1406,0
76237.82,0,0,3,3,1276,1
46231.11,0,0,0,5,698,0
6050.7,0,0,0,8,1412,0
61652.85,0,0,3,0,1463,1
25844.71,1,0,3,1,826,1
94060.29,0,1,1,7,1018,1
37070.91,1,0,2,3,139,0
36233.06,1,0,3,1,1416,0
54109.67,0,0,0,3,451,0
78899.11,0,0,1,0,952,0
81506.11,0,0,0,3,1274,0
33371.15,0,0,1,1,1030,0
53201.26,0,0,0,3,145,0
40323.84,0,0,1,4,1074,0
19799.87,1,0,0,3,221,0
66562.84,1,0,1,3,628,0
98924.51,0,1,1,2,655,0
12694.57,0,0,2,4,872,0
36145.78,0,0,0,2,786,0
32160.14,0,0,0,2,1418,0
57556.33,1,1,1,5,71,1
22480.52,0,1,0,4,792,0
3927.82,0,1,2,7,898,1
53754.82,1,1,0,4,855,1
27250.74,0,0,0,0,1299,0
87937.83,1,0,0,2,1047,1
50824.95,0,0,2,1,1187,0
59507.09,0,1,2,4,1207,1
21922.94,0,0,1,3,1110,0
94969.78,0,0,2,2,133,0
67312.89,0,0,1,2,859,0
76324.19,0,0,0,4,329,0
14188.9,1,0,0,2,696,0
62950.55,0,1,0,3,1157,1
52890.27,0,0,2,1,850,1
13765.63,0,0,2,3,423,0
42797.98,0,0,1,4,538,0
75715.96,0,0,3,1,1200,0
661.73,0,0,0,2,1293,0
4483.21,1,1,0,3,1318,0
47021.42,0,1,2,1,587,1
84142.9,0,0,1,0,253,0
41788.95,0,1,1,0,961,0
25355.19,0,0,1,6,1263,0
95497.22,0,0,2,3,1173,1
96481.85,0,0,0,5,578,1
7540.3,0,1,0,5,1185,0
30609.77,0,1,2,2,1345,0
42332.61,0,0,2,4,848,0
63441.84,0,0,1,2,194,1
2266.72,0,0,2,4,824,0
36425.44,0,0,2,4,1281,0
13845.86,0,1,1,3,1429,0
17839.07,0,0,1,4,60,0
6955.15,1,0,1,3,538,0
44040.49,1,0,3,2,302,1
6379.51,1,0,4,6,273,0
25515.89,0,1,0,4,1169,0
43065.55,0,0,2,5,491,1
34621.32,0,0,2,4,826,0
98049.63,0,0,1,3,20,1
65328.17,0,0,1,2,869,0
73016.77,0,0,2,3,972,1
97369.87,0,1,1,6,1063,1
77902.45,1,0,1,3,973,1
70985.05,0,0,0,5,1214,1
6186.45,0,1,1,2,579,0
60410.52,1,0,2,1,442,0
69828.88,1,0,0,4,257,1
89723.07,0,0,1,3,922,0
24398.76,1,0,0,4,381,1
124.78,0,0,1,2,1231,0
86236.42,0,0,2,3,618,0
37798.07,0,0,0,3,1231,0
74937.77,0,0,1,3,88,1
52146.3,1,0,1,3,921,0
59555.61,0,0,3,4,402,1
98585.86,0,0,1,5,882,1
20865.02,1,0,3,0,487,1
71259.66,0,0,2,2,247,0
94803.82,0,1,1,1,1371,1
22557.27,0,0,2,7,1239,1
95784.18,0,0,1,3,133,0
87303.96,0,0,2,3,462,0
31499.44,0,0,2,2,1177,0
52336.77,0,0,1,5,93,1
96903.43,1,0,0,1,171,0
73616.75,0,0,2,2,369,0
13078.71,1,0,0,4,1258,0
93382.69,0,0,1,3,1217,0
39116.44,0,0,0,1,829,0
96843.2,0,0,0,2,1246,0
31981.75,0,0,0,0,883,0
94734.97,1,0,1,3,1408,0
26386.96,0,0,1,2,803,0
3158.27,0,0,0,1,1230,0
96969.3,0,0,2,2,1313,1
73186.65,0,0,4,4,432,1
78096.54,0,0,0,3,215,0
49433.78,1,0,0,9,421,0
10147.62,1,1,1,7,1155,1
98942.69,1,0,0,4,715,1
35470.66,0,0,1,3,1362,0
70634.65,1,1,0,1,349,1
69644.65,0,0,1,6,1087,1
84143.55,1,0,2,3,728,1
77102.71,0,0,1,6,1283,1
25829.49,0,0,0,2,347,0
11570.63,1,0,0,4,747,0
53595.72,1,0,1,2,1277,1
19101.58,1,0,3,5,757,1
18401.45,0,0,0,3,616,0
29748.06,1,0,2,3,1254,1
3399.6,0,0,1,6,556,0
91317.57,1,0,1,3,359,1
40300.39,1,1,1,2,701,1
95925.51,0,1,1,4,1193,1
79150.95,0,0,2,4,1464,0
29604.79,0,0,2,4,702,0
42866.44,1,0,1,3,940,0
41288.73,1,0,0,3,901,0
86709.05,0,0,0,2,1118,0
21413.67,1,0,0,3,721,0
23139.58,0,0,0,4,919,0
73243.6,0,0,0,5,595,0
89920.62,0,0,2,3,1087,0
99757.89,0,0,0,1,1171,0
60216.79,1,0,0,1,1083,1
63946.34,0,0,1,5,350,1
28407.97,1,0,2,5,108,1
68962.15,1,0,1,3,1406,1
45453.22,0,0,1,3,1340,0
13205.67,0,0,0,0,1435,0
84855.94,1,1,2,4,1063,1
32331.64,1,0,2,5,65,1
94427.89,0,0,0,2,368,0
88946.67,0,0,3,3,540,1
89002.18,1,0,1,6,786,1
55273.43,1,0,1,5,397,1
56160.63,1,1,1,4,462,1
65557.46,0,0,4,5,152,1
31951.61,0,0,2,3,219,0
35075.35,1,0,2,1,543,1
31708.62,1,0,0,4,1483,1
44003.87,0,0,0,2,175,0
41300.57,0,0,0,3,286,0
95085.0,0,1,0,3,1070,1
66618.59,0,0,0,1,356,0
62237.91,0,0,2,1,630,0
62854.3,0,0,1,1,664,1
81411.18,0,0,0,5,1365,0
54732.4,0,0,3,1,107,0
90534.84,0,0,1,0,490,0
33928.11,0,1,1,2,208,1
90152.07,0,0,0,3,650,0
76839.33,0,0,0,2,1006,0
65146.48,0,1,1,2,1357,1
18414.14,0,1,3,3,555,1
17271.59,1,0,1,4,88,0
30355.13,0,0,1,2,865,0
91453.85,0,0,0,3,798,0
86572.21,0,0,1,4,1087,0
68961.56,0,0,1,4,1271,0
35528.36,0,1,0,0,424,0
58226.8,0,0,1,3,198,0
39230.14,1,0,2,3,1210,0
88524.23,0,0,1,3,996,1
57356.56,0,0,1,2,833,0
80172.31,0,0,1,2,397,0
39821.44,0,1,1,0,916,1
43188.89,0,0,1,1,1084,0
71435.92,1,1,0,2,1170,1
50703.84,0,1,1,4,643,1
5108.99,0,0,1,4,455,0
15258.14,1,1,3,5,53,1
14311.8,0,0,1,1,500,0
37215.86,0,0,0,1,32,0
46227.12,1,0,1,2,1395,1
55471.44,0,0,1,3,1469,1
9619.51,1,0,1,0,769,0
57364.39,0,0,0,5,990,0
87727.42,0,0,1,3,1216,0
70731.08,0,0,0,6,519,1
19503.09,0,0,0,2,358,0
63327.02,0,0,0,5,330,1
86922.7,0,0,1,4,516,0
623.61,0,0,1,1,369,0
66075.18,0,0,1,4,1024,0
57173.64,0,0,1,0,1117,0
9910.7,0,0,0,2,244,0
82475.33,0,1,3,4,961,1
30672.87,1,1,3,4,36,1
77346.93,0,0,2,6,544,1
28828.6,0,0,2,4,1236,0
52618.65,0,0,2,1,266,0
12624.55,0,0,1,4,739,0
11156.43,0,1,1,3,580,0
86414.47,0,0,0,4,39,1
72099.35,0,0,2,2,328,1
70009.45,0,1,2,3,146,0
58395.22,0,0,0,2,526,0
66342.7,0,1,0,3,1493,0
91816.76,0,0,4,4,74,1
62312.39,0,0,2,1,308,0
95512.41,0,1,1,2,1130,1
53317.64,0,1,0,3,1409,1
25386.52,1,0,0,2,146,0
9801.27,0,1,3,1,215,1
7543.24,1,0,1,3,1061,0
181.38,0,1,0,2,1091,0
59420.01,0,1,2,6,97,1
80176.14,0,1,1,0,1280,1
20854.05,0,0,1,3,1402,0
58038.88,0,0,1,5,408,1
95300.02,0,0,2,5,1239,1
36638.34,1,0,1,3,671,1
1105.33,0,0,0,3,577,0
44861.28,0,0,1,2,510,0
29149.89,0,0,2,2,985,0
58353.22,0,1,1,4,228,0
41753.4,1,0,3,2,1153,0
91643.5,0,1,0,4,657,1
17158.47,0,0,3,3,895,0
88726.29,0,0,1,4,108,0
7973.51,0,0,0,2,753,0
5481.35,1,1,0,1,5,1
34086.89,0,0,3,2,1078,1
27653.97,0,0,0,4,807,0
58816.29,0,0,1,2,1266,0
1344.6,0,1,2,0,792,0
59923.01,1,0,1,3,218,1
82423.04,0,0,0,2,599,0
34911.49,0,0,0,4,127,0
3854.9,0,0,3,4,1114,0
22188.75,0,0,0,5,13,0
82975.77,0,0,2,3,628,0
85997.36,0,1,1,2,1080,1
12111.0,0,0,1,2,227,0
17011.2,0,0,1,1,234,0
70193.75,1,1,2,0,282,1
63303.21,0,0,0,1,538,0
65917.94,0,0,0,3,766,0
995.64,1,0,0,3,915,0
79389.61,0,1,0,1,743,1
52104.01,0,0,0,2,95,0
99203.46,0,0,2,3,1467,0
32110.65,0,1,1,3,412,1
86463.71,1,1,2,2,489,1
50525.45,0,0,1,2,850,0
35812.01,0,1,1,3,1265,1
84902.43,0,1,0,4,595,1
24529.16,0,1,2,2,1281,1
54211.79,0,0,0,2,298,0
25550.04,0,0,1,3,349,0
64779.28,0,0,0,4,603,0
27644.65,0,0,1,0,1236,0
78927.46,0,0,0,4,62,1
81336.59,0,0,0,6,287,1
70199.01,0,0,0,4,1207,0
76647.05,0,0,2,2,507,1
49437.15,1,1,1,2,705,1
99038.71,1,0,1,3,829,1
90392.23,1,0,0,4,505,1
89492.09,1,1,2,4,397,1
60716.35,0,0,0,4,1308,0
7760.48,0,1,1,1,708,0
46136.33,0,1,0,5,594,1
89431.71,0,0,1,1,1218,0
31261.84,0,0,1,2,1395,0
60712.48,0,0,0,1,669,0
92134.81,1,0,1,3,1001,0
80548.6,1,0,0,2,497,1
45948.07,0,0,0,3,1087,0
67308.32,0,1,1,2,108,1
93542.56,0,1,0,2,110,1
63091.05,0,0,0,3,511,0
3800.11,0,0,1,0,662,0
13903.46,0,0,0,6,799,0
10880.36,0,0,0,1,1407,0
31307.6,0,0,2,2,1430,0
23273.14,1,0,3,5,799,1
81998.25,0,0,3,3,62,0
38816.21,0,0,1,2,1011,0
36781.19,0,1,0,5,330,1
71784.94,0,0,1,5,886,1
38712.52,1,0,2,3,607,0
28103.89,0,0,0,3,261,0
39282.31,0,0,0,5,1290,0
48090.34,0,0,1,1,832,0
21390.92,0,1,1,3,1152,0
10079.36,1,0,1,7,846,0
10228.06,0,0,3,3,1125,0
19883.59,0,1,0,3,24,1
40488.55,0,1,0,2,1026,1
28523.84,0,0,1,0,1390,0
37499.61,0,0,2,1,1249,0
93760.66,0,1,2,3,569,1
11041.56,0,1,2,6,234,1
42244.25,0,0,2,3,496,0
50340.66,0,0,3,7,1427,1
93755.92,0,0,2,2,90,1
68021.95,0,0,4,3,367,1
63141.59,0,0,2,2,1339,0
24141.02,1,0,1,2,162,1
49380.09,0,0,0,1,804,0
10299.39,0,1,2,1,161,0
73162.47,0,0,1,3,63,1
30737.07,1,0,2,2,292,1
50107.98,0,1,0,3,245,1
4845.14,0,0,0,2,593,0
2794.29,0,0,4,2,1099,0
81421.31,0,1,1,1,908,1
74417.78,0,0,1,2,119,1
2452.47,0,0,1,3,755,0
82365.5,0,0,0,3,1349,0
1955.7,0,0,0,2,53,0
81225.21,1,0,0,2,522,1
64810.63,0,0,0,5,1492,0
93937.9,0,0,0,4,555,0
84812.97,0,0,2,2,265,0
71819.05,0,0,0,2,1394,0
58675.13,0,0,1,4,151,0
8831.45,0,0,1,4,871,0
74406.07,0,0,1,3,668,0
60607.25,0,1,1,1,185,0
41782.04,0,0,2,2,1033,0
72248.24,0,0,0,0,658,0
88770.3,0,0,0,1,1471,0
37735.07,1,0,1,4,540,1
4112.68,0,0,0,3,120,0
90521.67,0,0,0,7,1266,1
34787.95,0,0,2,2,247,0
81261.18,0,0,1,0,1167,0
16056.75,0,0,1,2,18,1
55836.53,0,0,2,2,460,0
89852.82,0,0,1,7,604,1
98945.26,0,0,0,1,757,0
94161.82,0,0,4,1,410,1
78920.65,0,0,0,7,1229,1
50354.27,0,0,1,4,1340,0
59713.02,0,1,2,6,924,1
61694.09,0,1,1,2,329,1
92771.81,0,0,0,3,1163,0
32981.12,0,0,3,3,1370,0
4502.33,0,1,1,2,387,0
21650.15,0,1,0,3,105,0
85596.09,1,0,2,2,62,1
38940.67,1,0,0,2,1082,0
62234.55,0,0,3,2,327,1
81131.17,1,0,1,2,1068,0
99685.93,1,0,1,5,588,1
86093.65,0,0,1,3,233,0
48709.36,0,0,0,4,660,0
50403.24,0,0,5,1,756,0
50646.69,0,0,1,0,428,0
77703.0,0,1,2,6,901,1
63452.83,1,1,0,3,221,1
18134.33,0,0,1,2,175,0
69431.73,0,0,1,4,1383,0
73017.74,0,0,1,0,1335,1
71772.04,0,1,1,3,332,1
83887.14,0,0,0,2,652,0
87422.53,0,1,0,2,1274,0
42116.33,0,0,1,4,680,0
87797.34,0,1,0,0,894,1
47253.72,1,1,0,2,1009,1
43419.33,0,1,1,2,904,1
9779.67,0,0,0,3,735,0
61336.37,0,0,1,4,1103,0
90053.28,0,1,2,3,49,1
18812.77,0,1,1,3,259,0
25544.89,0,0,1,2,1433,0
20039.18,1,0,0,4,547,0
22416.63,0,0,0,4,492,0
8658.09,0,0,2,4,364,0
33413.51,1,0,1,5,115,1
70662.92,0,0,3,4,1184,1
24983.51,0,0,0,4,423,0
63100.0,0,0,1,5,1296,1
31477.09,0,0,1,0,839,0
50531.99,1,0,0,1,50,1
11781.54,0,0,1,10,1272,0
96523.61,0,0,0,5,389,1
29309.44,0,0,1,2,256,0
89937.6,0,0,0,1,662,0
61264.81,0,0,1,4,963,0
16765.35,1,0,0,4,356,0
26394.14,0,0,0,4,1255,0
88343.78,0,0,0,6,742,1
20456.25,0,0,5,1,901,1
77916.94,1,0,0,4,924,1
48598.67,0,0,0,1,515,0
58780.19,0,0,0,1,1192,0
19363.1,1,0,1,5,85,1
16881.4,0,0,1,2,258,0
9957.36,0,0,1,1,1113,0
27686.08,0,1,1,1,180,1
62851.53,0,1,3,3,1070,1
87266.11,0,0,1,4,114,1
90562.31,0,0,0,2,778,0
74251.73,1,0,2,3,455,1
48068.66,1,1,0,3,1057,1
36230.49,1,0,1,4,1149,1
47283.31,0,1,2,5,1173,1
48709.4,1,0,0,2,1207,0
80297.95,1,0,0,6,226,1
62181.22,1,0,0,2,1144,0
16506.98,0,1,1,4,681,0
55746.21,1,0,0,1,1039,1
4703.86,0,0,2,2,1348,0
75533.04,0,0,1,2,1193,0
64802.81,0,0,2,3,1335,1
4846.83,0,0,2,5,1431,0
50462.08,1,0,3,2,997,1
43960.1,1,0,0,8,255,1
79041.06,0,0,0,4,1344,0
38488.59,1,0,2,5,1368,1
78560.58,1,0,2,3,12,1
70129.26,0,0,1,2,792,0
21764.43,1,0,2,3,1377,1
46713.39,0,1,1,4,1001,1
95364.99,0,0,1,3,1263,0
65773.15,0,0,1,3,94,0
20762.47,1,0,1,4,637,0
40736.01,1,0,2,7,1063,1
23167.1,1,1,1,6,437,1
49039.35,1,0,2,3,622,0
31748.46,1,1,2,1,959,1
59440.17,1,0,1,2,815,0
48076.61,0,0,1,2,747,0
7845.57,1,0,0,2,664,0
4791.23,0,0,1,6,745,0
49906.11,0,0,0,1,1259,0
37041.82,1,0,0,3,1225,0
77155.9,1,0,1,5,1040,1
58466.3,0,0,1,3,674,0
71729.61,0,0,0,4,1221,0
13048.94,0,1,0,3,389,0
88962.96,0,0,1,2,1285,1
39146.08,0,0,0,3,1421,0
22252.31,0,0,0,3,22,1
27285.63,0,1,1,2,750,1
63394.95,0,0,2,2,984,0
60010.5,0,0,1,0,1036,0
70537.53,1,0,2,2,296,1
38214.82,0,0,0,4,506,0
33424.28,0,0,0,3,322,0
26677.26,0,1,2,1,440,1
80843.61,0,0,2,1,1269,1
60848.5,0,0,2,2,129,0
13993.63,0,0,0,0,1365,0
68962.22,0,1,2,3,637,1
98156.05,0,0,1,3,357,1
82680.0,0,0,2,3,895,0
22862.85,0,0,2,0,120,0
29768.66,0,0,2,5,796,1
31879.26,0,0,0,2,1105,0
43500.58,0,0,3,2,794,1
29275.67,0,1,1,2,1360,1
19452.07,1,0,1,5,1151,1
10689.77,0,0,1,3,117,0
99312.3,0,0,0,5,1239,1
23406.83,0,0,2,3,1100,0
52142.41,0,0,1,2,393,0
32306.74,0,0,5,3,955,1
57975.15,0,0,4,4,547,0
60035.88,1,0,1,5,266,1
6181.99,0,0,1,3,923,0
21899.47,0,0,1,0,1452,0
82018.15,0,1,1,3,272,1
10355.35,0,0,1,2,379,0
21756.96,0,0,3,3,933,0
11942.65,0,0,1,1,490,0
97021.12,0,0,1,8,1249,0
3278.75,1,1,2,4,892,0
24433.59,0,1,1,4,1216,1
41898.63,1,1,2,1,791,1
58132.4,0,0,1,4,1090,0
45597.78,0,0,2,4,315,0
17268.93,1,0,2,3,779,0
51092.44,0,0,1,4,526,1
91932.49,0,0,1,5,110,1
67552.45,0,0,1,3,77,1
55638.92,0,0,1,2,495,0
1608.77,0,0,1,4,917,0
85790.59,0,0,0,4,989,0
35615.32,0,1,2,1,188,1
91381.23,0,0,0,5,946,1
9525.92,0,1,2,3,1462,0
90938.94,0,1,0,3,354,1
41413.8,1,0,0,3,1116,0
4951.63,1,0,1,3,954,0
16073.71,0,1,0,2,768,0
72352.01,0,0,0,6,870,1
97751.45,1,0,1,4,1329,1
69631.18,0,0,0,2,1221,0
28363.06,0,0,0,2,1286,0
23816.55,0,0,1,1,1453,0
3609.91,0,1,3,3,1138,0
99473.4,0,0,2,6,1146,0
82679.21,0,1,2,5,548,1
56072.53,0,0,2,6,526,0
46301.72,0,0,0,3,418,0
17573.63,1,0,0,5,1457,1
83731.72,0,0,3,2,1434,0
92224.88,0,0,2,1,377,0
82475.65,0,0,3,3,233,1
14446.62,0,0,2,3,1272,0
88672.43,0,0,0,3,1397,0
23047.69,0,0,0,4,1162,0
17965.03,0,0,4,2,969,0
82597.6,0,0,0,3,1235,0
98003.24,0,0,1,3,813,0
21417.51,0,0,2,2,1323,0
41954.95,0,0,0,1,681,0
43390.0,0,0,1,7,686,1
74969.14,0,0,0,1,1352,0
59685.09,0,1,0,6,898,1
82347.04,0,0,0,5,683,1
30172.77,0,0,2,3,1443,0
30229.28,1,0,1,1,223,0
47267.27,0,0,2,3,1465,0
5875.74,0,1,0,3,1430,0
28515.48,1,0,1,3,451,1
85570.76,0,1,1,2,1032,0
51869.32,1,1,2,0,1367,1
11631.73,0,0,2,0,772,0
74691.42,0,0,1,3,715,0
44622.21,0,0,0,2,373,0
60498.19,1,1,2,2,1069,1
51479.09,0,0,1,4,235,1
97995.51,0,0,0,3,52,1
82456.31,0,1,1,4,1097,1
94463.4,0,0,1,2,940,0
26241.3,0,1,2,1,722,0
29717.55,0,0,1,3,457,0
78321.68,1,1,1,1,1270,1
53418.81,0,1,0,3,1119,1
2018.98,0,0,1,6,1304,0
58151.33,0,1,1,0,1411,1
29154.4,0,0,0,1,451,0
72582.44,0,0,0,3,1363,0
59720.05,0,0,1,2,1256,1
46504.65,0,0,0,3,1218,0
86954.24,1,0,0,3,861,1
42072.1,0,0,2,4,1167,0
89954.18,0,1,0,3,861,0
20911.27,0,1,2,1,1456,0
23846.56,0,0,1,2,351,0
32764.71,0,1,0,5,143,1
42903.81,1,1,1,2,1398,1
74874.44,0,0,0,4,606,0
39686.53,0,0,2,3,1322,0
81036.62,0,0,1,0,1293,1
65080.62,0,0,2,2,813,0
45786.44,0,0,1,0,869,0
60539.04,1,0,1,2,984,1
4448.78,1,0,2,1,1382,0
94087.23,0,0,0,3,591,0
77520.55,0,0,3,1,522,1
74254.79,1,0,2,4,834,0
20344.91,1,0,1,5,437,1
13951.61,0,0,0,3,578,0
92956.11,0,0,1,2,563,0
31096.92,0,0,0,2,930,0
1632.68,0,1,2,4,1438,0
55485.52,0,0,1,1,1492,0
75127.57,1,0,0,2,211,1
89982.63,0,0,0,2,1481,0
57679.93,0,0,0,6,1233,1
51858.0,1,0,2,2,1121,1
72150.82,0,1,0,1,167,0
19983.21,0,0,2,5,901,0
23078.23,0,0,0,6,1373,1
50939.32,1,1,2,0,886,1
35652.61,1,0,2,6,769,1
60530.12,0,1,1,3,632,1
98833.43,0,1,2,3,1303,1
13967.59,0,1,0,2,1468,0
75836.84,0,0,0,4,851,0
45557.13,0,0,1,4,695,0
31662.24,0,1,1,0,610,1
91466.76,0,1,0,3,325,1
47378.9,0,0,1,1,323,0
72409.15,1,1,0,3,1189,1
57120.34,0,0,0,5,330,0
43458.5,0,0,1,6,78,0
4786.27,0,0,0,3,880,0
86369.48,0,0,2,1,1198,0
67148.01,0,0,1,4,878,0
10944.65,0,0,1,1,1173,0
97619.6,0,0,1,3,64,1
88699.11,1,0,1,5,473,1
33314.5,0,0,1,6,858,0
12624.53,1,0,0,5,1134,0
65389.67,0,0,1,2,733,0
31911.45,0,0,0,2,1480,0
36151.53,0,1,1,4,361,0
35647.18,0,0,4,1,534,0
42823.7,0,0,3,7,276,1
73797.01,0,0,2,2,556,0
79099.05,0,1,3,3,176,1
55984.68,0,0,0,2,177,0
75760.41,0,0,3,2,547,0
84600.91,0,0,0,0,216,0
33034.82,1,0,1,2,450,0
43863.47,0,1,0,3,869,0
37087.22,0,0,0,4,434,0
74917.97,0,0,2,3,884,0
31890.25,0,1,1,0,898,1
69371.27,1,0,0,3,1228,1
44871.77,1,0,1,3,279,1
63163.31,0,0,1,4,1121,0
43192.96,1,1,0,1,98,1
84508.32,0,1,2,5,602,1
15448.14,0,0,1,8,1393,0
28800.02,0,0,1,2,703,0
99250.76,1,0,2,3,1031,1
49819.7,0,0,1,4,1046,0
85648.63,0,0,0,4,1210,0
79785.42,0,0,0,1,692,0
34737.86,0,1,0,2,231,0
77628.05,0,0,0,0,305,0
58284.12,0,0,1,5,1209,1
17931.92,0,0,4,5,1046,0
36790.5,0,0,2,3,1255,0
89208.03,0,0,1,4,885,0
8643.56,1,0,1,3,280,0
55688.31,0,1,2,2,83,1
68477.78,0,1,2,2,115,1
43895.44,0,1,2,2,507,1
49937.75,1,0,1,3,63,1
73145.46,0,0,1,1,1191,0
63099.03,0,1,1,1,1135,1
64301.87,0,0,0,4,1186,0
47583.43,0,1,1,2,136,0
84586.96,0,1,1,4,165,1
82865.19,0,0,1,3,1209,0
947.12,0,0,1,0,1169,0
42572.44,0,1,0,5,736,1
53660.75,1,0,0,1,1112,0
55966.79,1,0,1,5,490,1
46532.42,0,0,0,4,111,0
66624.84,0,1,0,2,1129,1
26265.2,1,0,4,0,610,1
13472.0,0,0,0,3,267,0
23686.31,0,0,1,5,963,1
29835.83,0,0,2,2,282,0
69742.34,0,0,1,3,1011,0
63820.58,0,0,2,2,349,0
89854.63,0,0,0,3,1431,0
54509.26,1,0,1,3,711,1
73416.39,1,0,0,2,392,1
23512.98,1,0,0,0,183,0
61574.69,0,0,0,4,1105,0
56857.25,0,0,3,4,1296,1
54058.87,0,0,2,1,355,0
4966.27,1,0,1,4,1041,0
54148.8,0,0,1,3,51,0
17556.34,1,1,2,2,1416,1
42738.88,0,1,2,3,193,1
17452.66,0,0,1,1,892,0
10560.55,1,1,0,5,219,1
90940.88,0,0,1,7,1120,1
10636.18,0,0,1,3,26,0
46598.09,1,0,1,2,1332,0
14728.1,0,0,2,2,1318,0
2978.96,0,0,1,2,894,0
68339.73,0,0,1,3,653,0
4435.45,1,1,0,3,1099,0
93989.74,0,0,1,0,1454,0
20426.25,0,0,1,7,1176,1
1271.14,0,1,2,3,1022,0
87471.18,0,1,0,8,375,1
42131.8,0,1,0,2,1288,1
67380.69,1,0,0,2,320,1
83886.46,0,0,1,2,1015,1
67293.86,0,0,0,2,1026,0
93276.81,0,0,0,5,241,1
13578.14,0,0,0,4,628,0
752.8,1,0,0,3,1439,0
7593.51,1,1,1,2,591,1
10672.44,0,0,3,1,1335,0
42826.26,0,0,1,3,1347,0
14822.35,0,0,1,4,772,0
98918.12,0,0,0,5,1480,1
43891.24,0,1,1,2,928,0
41142.98,1,0,0,3,629,0
32639.21,0,0,1,4,172,0
88435.37,0,0,2,6,255,0
4071.38,0,0,2,3,1384,0
51968.06,0,0,0,1,1325,0
8237.99,0,1,1,3,769,0
83255.44,0,0,1,4,581,0
71237.66,1,0,3,5,880,1
51607.06,0,0,2,3,909,0
9029.78,0,0,2,7,483,0
61599.87,0,0,0,1,606,0
34135.65,0,1,0,2,1230,1
41733.73,0,0,2,2,1448,0
90312.5,0,0,1,5,1078,1
159.42,1,0,0,0,344,0
57049.6,0,0,1,1,244,0
40111.02,0,0,0,3,1048,0
633.12,0,0,0,3,70,0
27808.39,1,0,0,3,1435,1
59593.79,0,0,3,1,783,1
35561.0,1,0,1,3,210,1
64427.13,0,1,1,4,420,0
51703.79,0,1,0,4,531,1
92325.37,1,0,0,3,206,1
39091.85,0,0,0,1,799,0
27040.18,0,1,2,4,1010,1
97348.55,1,0,1,3,1476,0
57977.46,0,0,0,3,311,0
61672.13,0,0,1,3,160,0
98772.2,0,0,1,4,685,0
26990.59,0,0,1,4,893,0
36889.98,0,0,0,5,87,0
78110.26,0,0,2,1,804,0
57635.65,0,0,1,3,425,1
27056.01,0,0,0,0,746,0
85005.94,1,0,1,2,616,1
74719.41,0,0,0,1,382,0
47577.72,0,0,0,1,682,0
1563.47,0,0,0,4,1076,0
25642.71,1,1,0,1,164,1
11801.08,0,0,2,3,1225,0
95975.42,1,0,1,5,685,1
66073.84,0,1,0,0,1405,1
56856.94,0,0,0,1,1453,0
93628.64,1,0,1,1,1486,0
26250.48,0,0,1,2,433,0
4366.41,0,0,0,4,1275,0
23078.83,0,0,2,2,601,0
53869.34,0,0,0,3,1245,0
54849.81,0,0,2,3,628,0
29337.54,0,1,0,4,1244,0
54839.1,0,0,0,6,1263,1
84137.06,0,0,3,3,324,0
49408.26,0,0,0,3,818,0
49914.5,0,0,0,2,809,0
25205.74,1,1,3,5,345,1
40177.42,0,1,1,4,609,1
81243.19,0,0,1,3,837,0
1209.31,0,0,1,5,971,0
14125.19,0,0,1,4,607,0
33421.52,0,0,2,3,31,1
85155.1,1,1,2,1,592,1
9905.76,1,0,0,5,661,0
38692.29,0,0,0,3,1423,0
2118.79,1,0,0,1,1028,0
95669.66,1,0,2,3,1210,1
34119.61,0,0,1,4,569,0
75026.12,0,0,2,3,537,0
52916.46,0,1,1,1,533,1
45482.92,0,0,0,2,357,0
59842.42,1,0,1,4,158,1
52244.53,0,1,0,2,413,1
31032.38,1,0,0,3,118,0
93048.18,0,0,2,4,55,1
48342.63,0,0,1,3,1485,0
53950.02,0,0,0,5,139,1
12592.14,0,0,0,3,573,0
32382.42,1,0,1,2,457,1
29606.02,0,0,1,7,275,0
88647.65,0,0,1,1,1140,0
16466.58,0,0,0,1,1373,0
17932.12,0,0,0,4,1380,0
69469.08,0,0,1,10,572,1
73683.22,1,0,0,3,243,0
65854.58,0,0,0,2,985,0
16232.76,0,0,0,2,1016,0
87157.81,1,0,0,3,1305,0
22468.45,0,0,1,5,801,1
28863.0,0,0,1,2,248,0
88444.08,0,0,1,2,1469,0
19964.98,0,0,3,4,423,0
73233.04,0,0,0,5,1320,1
58217.11,1,1,1,7,1454,1
69161.58,0,0,0,3,206,0
28575.24,0,0,2,0,1274,0
24705.89,0,0,1,3,174,0
93824.69,1,0,0,3,725,0
56518.68,0,0,1,0,875,0
38151.75,0,0,1,6,737,1
9854.15,0,1,0,5,1008,1
7275.02,0,0,1,2,1024,0
28987.91,0,0,2,3,762,0
86463.22,0,0,1,1,770,0
24980.01,0,0,0,7,317,0
7986.33,1,1,2,5,1171,1
33534.19,0,1,3,2,977,1
91789.41,0,0,0,2,1344,0
99367.07,0,0,0,7,102,1
59289.98,0,1,0,8,326,1
40045.08,0,1,1,7,592,1
47979.92,0,0,0,2,1436,0
31189.4,0,0,0,0,1167,0
20355.54,0,0,1,3,105,0
1445.41,0,0,0,0,631,0
7609.65,0,0,1,0,804,0
90211.91,0,0,1,2,18,1
26517.03,0,0,2,1,608,0
82144.34,0,0,0,3,54,0
13431.01,0,0,0,4,221,0
55515.16,1,0,1,1,438,0
55220.95,0,0,1,1,485,0
57883.27,0,1,2,1,643,0
58843.3,0,0,0,3,493,0
6113.08,0,1,2,5,297,0
56935.41,1,0,0,1,336,1
36769.64,0,1,0,4,1480,0
27762.27,0,0,1,4,1169,0
38377.27,0,1,0,6,370,1
36091.11,0,0,1,2,1078,0
55703.88,1,1,0,8,439,1
28280.75,0,1,1,0,819,1
17709.06,1,0,1,4,243,0
26596.77,1,1,0,2,672,1
10416.96,0,0,1,3,954,0
2801.18,0,0,1,6,1403,0
83277.31,0,0,3,4,569,0
97139.25,0,1,0,1,569,1
72562.28,0,0,1,4,228,1
50994.2,0,0,2,2,1122,0
87836.06,1,0,0,1,1018,1
10632.87,0,0,2,5,817,0
92563.42,1,0,1,2,1240,1
36478.85,0,1,3,1,759,1
50838.25,0,0,0,3,1113,0
34739.28,0,0,2,4,575,0
64814.85,1,0,2,3,466,1
5132.38,0,0,2,2,441,0
79510.4,0,1,1,5,959,1
85616.16,0,0,2,1,608,1
27087.65,0,1,2,5,575,1
43189.26,0,1,3,5,1462,1
68114.32,1,0,0,2,1139,1
93790.32,0,0,1,4,929,0
41245.68,1,0,1,3,637,1
99882.61,1,1,1,2,119,1
65857.99,1,1,0,2,660,1
31406.14,0,0,0,1,71,0
82153.57,1,0,0,1,1458,1
10681.65,0,1,1,1,665,0
62035.64,0,1,0,6,374,1
25920.4,0,0,0,2,126,0
27865.1,0,1,0,4,866,0
66779.15,0,0,0,5,1431,1
19095.65,0,0,0,2,366,0
97247.9,0,0,4,6,643,1
56971.45,0,0,0,0,170,0
89548.28,1,0,1,3,388,1
67066.19,0,0,0,1,582,0
25620.46,0,0,0,5,121,0
9379.0,0,0,1,3,989,0
82969.97,0,0,1,6,30,1
38524.96,0,0,1,2,1396,0
96996.15,0,0,2,2,1295,0
63527.06,0,0,1,3,204,0
82313.19,1,0,2,6,41,1
38898.14,0,0,0,1,757,0
70567.77,0,0,2,6,682,1
97811.68,0,1,1,0,1402,0
96368.79,0,1,1,3,221,0
31698.8,1,0,2,2,25,1
4951.67,1,0,2,5,1414,1
11298.78,0,0,0,3,111,0
91388.61,0,0,3,1,536,1
19464.43,0,1,0,6,1070,1
18764.33,1,0,1,3,199,0
20276.79,1,1,1,3,379,1
7235.37,0,1,2,4,1080,0
49824.84,0,0,3,1,723,0
31242.63,0,1,1,2,200,0
92311.36,1,0,0,3,236,1
11308.26,1,0,1,1,302,1
18810.98,0,0,1,4,1256,0
30020.62,0,0,1,6,1095,0
7111.72,0,0,1,3,1351,0
44946.28,0,0,1,5,1329,1
90095.53,0,0,4,3,369,0
42726.94,0,0,4,3,364,0
3136.53,1,0,0,2,947,0
42462.61,1,0,0,3,1082,1
31664.42,0,1,0,3,1002,1
29734.93,0,0,4,1,928,0
17036.46,1,0,2,0,351,0
93990.24,0,0,1,2,1275,1
8744.28,0,0,2,4,443,0
76190.05,0,0,2,7,1098,1
91068.91,0,0,1,4,234,1
61224.61,0,0,1,0,112,1
87992.1,0,0,1,8,1427,1
68531.74,0,0,0,3,197,0
91547.51,0,0,2,7,1072,1
16981.27,1,0,2,5,112,1
5232.21,0,1,3,5,381,1
33490.15,1,0,1,3,663,0
60570.62,0,1,1,6,760,1
60739.27,0,0,0,2,1043,0
10772.85,0,0,1,3,215,0
41072.75,0,0,0,4,1209,0
2945.87,0,0,0,2,1333,0
1086.11,0,0,0,3,319,0
53054.09,0,0,2,3,1275,0
81001.72,0,0,1,3,237,0
43534.71,0,0,1,0,1177,0
22587.18,0,0,2,1,341,0
83004.76,1,0,0,4,566,1
13523.81,0,0,1,2,489,0
51498.68,0,0,1,4,339,0
29704.22,0,1,1,2,763,1
91560.65,0,0,0,8,386,0
28063.89,1,0,0,2,235,1
12757.23,0,0,3,0,206,0
27109.01,0,1,3,3,764,1
31372.92,0,0,0,1,1065,0
20354.24,0,0,1,4,1197,0
32599.35,0,0,0,3,644,0
9062.96,0,0,0,4,875,0
23703.29,0,0,1,4,1289,0
94268.82,0,0,1,4,407,0
76292.36,0,0,1,4,1456,0
15207.81,0,0,0,2,945,0
88168.18,0,1,2,2,1414,1
50289.95,1,0,0,4,511,1
4375.63,0,0,0,1,1443,0
49334.42,0,0,0,3,655,0
79200.65,0,0,0,3,339,0
93362.21,0,0,0,3,293,0
28432.26,0,0,1,3,1040,0
86122.44,0,1,0,4,969,0
41602.99,0,0,1,3,89,0
83516.3,1,1,2,5,1462,1
98178.63,0,1,1,1,500,1
36992.73,1,0,2,3,142,0
9292.53,0,1,1,3,1439,0
25348.33,0,1,1,5,116,1
94311.82,0,0,0,2,424,0
283.48,1,0,0,3,1020,0
88073.43,0,0,0,3,1263,0
56989.29,0,0,1,3,181,1
35444.39,0,0,1,4,184,0
64359.52,0,0,0,2,1239,0
10356.21,1,1,2,6,47,1
27952.36,0,0,4,0,1122,0
49861.89,1,0,1,2,1191,1
76177.94,1,0,3,2,317,1
94723.35,1,0,2,5,93,1
81606.76,0,0,2,3,922,0
37483.48,0,0,0,2,1132,0
74469.76,0,0,0,2,995,0
28351.72,0,0,3,4,528,0
50093.15,0,0,0,2,1303,0
67872.62,0,0,1,2,1134,1
15763.84,1,0,1,6,1076,1
39557.94,0,0,2,5,1045,1
69801.81,0,1,1,2,298,1
39143.21,0,0,1,1,766,0
51047.15,0,0,0,1,974,0
28778.47,0,0,1,3,763,0
73216.99,0,0,0,3,1137,0
89039.3,0,0,1,0,153,0
24461.29,0,0,1,3,1111,0
323.82,0,0,2,3,797,0
3712.77,1,0,1,3,1344,0
65239.41,0,0,2,3,652,1
94439.85,0,0,4,4,551,0
89928.69,0,0,1,6,136,0
77878.73,1,0,0,3,61,0
97032.31,0,0,1,3,1469,1
13128.05,0,0,2,3,74,0
63800.31,0,1,2,7,1425,1
58206.11,0,0,2,5,1340,1
60610.73,1,0,0,3,377,0
78160.24,1,0,0,4,596,1
45453.09,0,1,0,3,433,0
4170.31,0,0,1,3,1042,0
55418.64,1,0,0,3,58,0
15534.0,0,0,0,2,632,0
6152.52,0,0,0,1,243,0
99772.74,0,1,2,3,1000,1
18331.85,0,0,1,3,1463,0
8381.72,1,0,0,4,950,0
44618.11,1,0,0,1,466,0
18451.1,0,1,0,5,578,1
85282.05,0,0,0,5,546,1
30377.21,0,1,2,2,1414,1
76140.48,0,1,0,3,487,1
56514.25,0,0,2,2,1051,0
1407.28,0,0,1,2,840,0
1557.22,0,0,0,3,24,0
32283.88,0,1,1,5,1014,1
37271.33,1,1,1,7,1008,1
89094.17,0,0,2,2,117,0
45703.14,1,0,0,0,57,0
81071.53,0,0,3,2,180,1
74066.1,1,0,2,3,934,1
48413.91,0,0,0,8,1282,0
39812.33,1,0,1,2,1029,1
54402.87,0,0,0,5,1030,0
40347.47,0,0,0,5,892,0
15407.83,0,0,1,4,212,0
97128.66,0,0,1,7,1258,1
79197.7,0,0,1,2,1390,0
73826.81,0,0,0,3,1045,0
20557.26,0,0,2,2,684,0
8971.55,0,0,0,4,237,0
13456.11,0,1,2,3,623,0
55896.5,0,0,0,2,331,0
5851.79,0,0,1,3,424,0
50963.99,0,0,0,0,773,0
17962.33,0,0,1,1,58,0
38080.56,0,0,1,0,1437,0
63341.51,1,0,0,2,1140,1
94763.4,0,0,1,4,115,0
74045.9,0,0,0,3,77,0
46484.47,0,1,0,1,1283,0
58577.0,0,0,2,2,700,0
23003.62,0,1,0,4,589,0
65322.03,0,1,1,3,860,0
82917.71,0,0,1,8,24,1
42398.18,0,0,0,2,772,0
89247.75,1,0,0,3,387,1
76127.23,0,0,1,3,1163,0
44508.16,0,0,0,3,1382,0
56215.07,0,0,0,5,1403,1
65683.38,0,0,1,2,645,0
33841.6,0,0,1,4,59,0
84491.56,1,0,0,2,969,1
26791.82,1,0,0,2,1278,0
79634.29,1,0,1,4,1304,1
19730.64,0,0,1,3,742,0
20590.56,0,1,3,2,1251,0
81476.43,1,0,1,2,154,1
78667.58,0,0,0,2,895,0
83119.37,0,0,0,3,369,0
19951.2,1,0,0,4,452,0
26349.7,1,0,2,3,1172,0
7995.53,0,0,0,1,983,0
83578.87,1,0,2,2,1496,1
73257.65,0,1,0,0,1262,1
54892.06,1,0,0,3,955,1
49928.22,0,0,0,6,1310,0
40908.83,0,0,2,2,902,0
86543.94,0,0,1,2,64,1
92536.45,1,1,1,10,207,1
32930.44,0,1,2,3,1388,1
7797.3,0,0,4,1,130,0
2778.36,0,1,0,3,547,0
12944.27,0,1,0,5,787,0
33013.64,0,0,1,2,369,0
78545.93,0,0,0,2,554,0
98693.68,0,0,2,2,757,0
84625.7,0,0,3,4,606,0
23545.27,0,0,0,7,80,1
77650.14,1,0,1,2,1208,1
31474.25,0,0,3,4,891,0
93593.6,1,0,4,4,828,1
20131.38,1,1,1,4,787,1
69019.29,1,0,1,6,1318,1
67949.09,1,1,0,4,961,1
30084.75,0,1,1,2,677,1
1821.59,0,0,2,1,958,0
76308.04,0,0,1,5,639,0
73246.85,0,0,1,5,211,1
16266.68,0,0,1,2,803,0
64913.61,1,1,2,2,713,1
74409.73,1,0,2,4,1450,1
23829.08,0,0,0,3,1113,0
74839.88,0,1,1,3,86,1
69119.16,0,1,0,3,1023,1
7115.72,0,0,1,2,382,0
75828.16,1,0,3,2,1377,1
79207.09,0,0,1,3,682,0
42350.17,0,0,0,3,80,0
48201.61,0,0,3,2,69,1
16095.93,0,0,0,1,761,0
10365.78,1,0,1,2,1115,1
6299.74,0,0,0,3,1276,0
48512.48,1,0,2,1,659,0
23690.2,0,0,0,1,1161,0
53922.64,0,1,0,0,931,0
9989.12,1,0,1,2,81,0
95548.85,1,0,2,3,147,1
47106.47,0,0,0,5,416,1
16303.58,0,0,2,4,342,0
90730.26,0,0,1,2,1188,0
82921.41,0,0,0,2,550,0
29366.0,1,1,0,6,717,1
29689.49,0,0,2,5,1358,0
85438.25,1,0,1,3,801,1
40596.71,0,0,2,6,225,0
42139.4,1,0,0,6,115,1
865.0,0,0,3,3,506,0
55849.63,1,0,0,3,556,1
72232.4,0,0,2,7,287,1
34827.78,0,0,0,6,681,0
10941.58,0,0,0,3,603,0
20632.55,0,0,1,4,457,0
16069.83,1,1,1,3,18,1
17266.66,0,0,1,5,759,0
72430.95,0,0,0,6,843,1
62721.84,0,0,0,0,872,0
8674.51,0,0,0,5,1314,0
71067.58,1,1,1,4,282,1
57051.52,0,1,2,2,1221,0
5218.76,1,0,1,7,1064,1
1523.87,0,0,0,2,1109,0
75974.0,0,1,0,2,43,1
20212.94,0,0,0,3,1321,0
41890.0,1,0,1,3,1333,1
90670.99,0,0,2,2,286,1
12089.32,0,0,0,4,74,0
83657.09,0,0,3,5,930,1
29384.3,0,0,2,2,224,0
13928.84,0,0,1,1,728,0
67807.24,0,1,0,2,10,1
34170.03,0,0,3,1,1200,0
18544.97,1,0,2,2,131,0
92653.52,0,0,0,4,382,0
30182.55,0,0,0,2,22,1
31711.24,0,0,0,0,1212,0
69157.24,0,0,2,4,806,0
35529.6,0,0,4,4,98,0
13361.22,0,1,1,6,1185,1
18417.19,0,0,0,1,240,0
76334.56,0,1,0,0,777,1
55444.61,0,0,1,3,1144,1
88287.24,0,0,2,2,1342,1
25238.61,1,0,1,5,112,1
82403.06,0,0,0,2,369,0
5382.17,0,0,1,4,951,0
33025.05,0,0,2,2,951,0
89548.31,1,0,1,4,1478,1
87001.83,0,0,1,1,1217,1
29016.72,0,0,1,4,1076,0
62968.91,1,1,0,5,1068,1
4416.44,1,0,1,3,1486,0
55913.42,0,0,2,1,465,1
33927.57,0,1,4,2,554,1
35429.23,0,0,1,2,1339,0
8405.67,0,0,1,4,403,0
14698.96,0,0,0,4,1183,0
51405.63,0,0,0,5,810,1
27898.04,0,0,0,1,1140,0
39208.57,0,0,1,4,1185,0
62124.03,1,1,1,2,68,1
42199.87,0,1,2,2,1031,0
27960.08,0,0,0,2,124,0
88180.36,0,0,0,3,1131,0
85079.19,0,0,1,2,128,0
65258.71,1,1,1,3,1323,1
24316.92,0,0,1,3,1396,0
21279.22,1,0,0,3,195,0
31221.79,1,0,1,3,1187,1
34006.47,0,0,0,5,1387,0
71116.82,0,0,0,3,1427,0
18555.94,0,0,1,3,792,0
14754.1,0,0,0,4,172,0
81251.05,0,0,0,1,11,1
53123.68,0,1,3,5,91,1
18349.58,1,1,1,2,955,0
66862.91,0,1,1,2,1023,1
90916.82,0,0,2,5,119,1
23403.27,0,1,0,3,259,0
43627.04,0,0,4,3,21,1
76911.55,0,0,0,6,641,1
90667.27,0,1,0,3,1007,1
72417.89,0,0,0,7,331,1
41024.48,0,0,0,2,1015,0
77283.86,0,0,1,0,1208,0
13690.0,0,1,0,1,555,0
27079.6,0,0,2,2,126,0
8624.76,0,0,1,3,1431,0
44749.86,0,0,1,3,775,0
23057.8,1,0,1,0,81,1
26131.76,1,0,0,2,1169,1
19341.2,1,0,1,2,682,0
43628.42,0,0,1,3,731,0
80194.55,1,0,1,1,837,0
78783.17,0,0,1,3,1251,0
12567.21,0,0,2,2,683,0
41716.9,1,0,0,3,954,0
1679.83,1,1,2,5,1479,1
15584.04,0,0,2,6,1154,0
25433.24,0,1,0,3,718,0
25255.65,1,0,0,1,1163,0
37102.29,0,0,2,4,1146,0
57943.67,1,0,0,4,1201,0
11918.31,0,1,1,4,1174,0
34569.97,1,0,0,3,300,0
1635.48,0,0,1,4,783,0
48064.94,1,0,0,5,1039,1
25438.07,1,0,3,1,126,0
41892.79,1,0,3,4,791,0
5344.37,0,0,1,5,786,0
74112.33,0,0,1,5,1458,1
38591.64,0,0,2,2,950,0
56721.75,0,0,0,2,169,0
90645.79,1,0,0,1,689,1
40667.42,0,0,0,1,1007,0
83010.53,1,0,0,0,1209,0
19905.86,0,0,0,4,464,0
58660.39,0,0,1,4,1286,0
35395.0,0,0,0,1,1163,0
56345.31,0,1,1,2,1419,1
16854.12,0,0,3,4,993,0
42898.72,1,0,2,2,841,1
46261.96,1,0,0,5,855,0
54243.54,0,1,2,3,251,1
46364.02,0,0,0,3,1413,0
87942.08,1,1,0,2,810,1
27263.74,0,0,2,5,191,1
73253.57,0,0,2,4,667,0
3909.91,0,0,1,2,1289,0
34946.24,0,0,2,2,117,0
73780.57,0,0,1,3,1129,1
23064.06,0,0,2,2,287,0
86591.7,0,0,3,2,1089,1
61860.97,0,1,1,3,1262,0
72028.87,0,0,2,4,510,0
61170.65,0,0,2,3,238,0
85026.1,0,1,0,5,983,1
31880.83,0,0,1,2,545,0
21762.21,0,0,1,6,768,0
85638.1,0,0,0,2,1299,0
38916.67,1,0,0,2,1053,0
42068.16,0,0,0,2,7,0
53650.16,0,0,0,6,568,0
58937.53,1,0,1,2,124,1
73863.49,0,1,1,6,43,1
21747.81,1,0,0,4,316,0
95103.38,0,0,2,4,1272,0
99713.37,0,0,2,6,738,1
27891.39,0,0,0,3,334,0
1048.19,0,0,0,5,300,0
41331.77,0,1,1,4,372,1
59701.28,0,0,1,2,1471,0
75482.85,0,0,2,2,360,0
93002.84,1,0,1,2,762,1
43729.04,0,0,0,1,188,0
32243.45,1,0,1,2,1291,1
26284.1,0,1,1,1,298,1
75602.2,0,1,0,2,39,1
92937.17,0,1,0,3,1021,0
23987.37,0,0,1,1,1254,0
38197.09,0,0,0,2,966,0
2968.92,0,0,1,5,154,0
85617.05,0,0,0,3,216,0
49313.49,0,0,0,1,315,0
62915.53,0,1,1,4,36,1
49372.21,0,0,1,1,1319,0
81854.74,0,0,1,1,154,0
39040.31,0,0,0,6,691,0
4007.11,0,0,1,3,655,0
28083.03,1,1,0,3,7,1
7044.54,0,0,1,3,409,0
40411.25,1,1,1,3,458,1
76296.67,0,0,0,3,566,0
28974.54,0,0,2,1,919,0
63525.92,0,0,1,2,393,0
98122.78,1,0,1,6,228,1
22287.41,0,1,2,5,1099,1
13421.5,0,1,2,1,369,1
88319.49,0,0,2,3,109,0
14749.68,0,0,1,2,1226,0
81399.44,1,0,0,3,1272,0
98171.26,1,0,1,2,1464,1
61866.55,1,0,0,2,542,1
5248.1,0,1,0,6,292,1
89308.68,0,0,1,7,836,0
16776.8,0,0,1,3,546,0
59672.19,0,0,1,4,766,1
45624.17,0,0,1,2,940,0
84376.91,1,0,1,3,536,0
49524.07,1,0,2,3,1215,0
73251.31,0,1,2,4,268,1
42818.49,0,1,2,2,38,1
83865.85,0,0,1,5,1470,0
59126.77,1,0,0,2,833,1
80724.18,0,0,5,2,179,1
55436.71,0,0,1,1,521,0
99785.07,1,1,1,6,1083,1
29363.39,0,0,0,5,849,0
2180.47,0,0,0,4,171,0
49445.95,0,1,2,4,680,0
71831.37,1,0,0,1,513,1
39555.52,0,0,0,13,310,1
21093.07,0,0,0,5,22,0
35741.21,0,0,1,2,216,0
8636.87,0,0,1,3,1395,0
89301.17,0,0,2,2,539,0
35270.06,1,0,0,4,211,0
45043.26,1,1,0,2,685,1
54312.63,0,0,2,5,811,1
8615.32,1,0,2,2,767,0
65351.43,0,0,2,3,362,0
82745.44,0,1,4,4,661,1
25950.15,0,0,2,5,698,1
59101.87,0,0,1,4,27,1
87019.53,0,1,1,1,986,1
56235.53,0,0,2,4,335,0
30455.92,0,0,0,3,1227,0
44745.73,0,0,0,2,901,0
63595.45,0,1,1,1,362,0
93335.09,0,0,4,2,774,1
39655.67,0,0,1,4,917,0
67999.26,1,0,0,2,1141,1
36430.45,0,1,3,1,537,1
69385.12,0,1,2,3,1309,1
95446.51,0,0,2,4,1272,0
17739.18,0,0,1,5,5,1
37820.56,0,1,2,3,1110,0
83152.19,0,0,3,3,869,1
34961.82,1,1,0,2,1109,0
15394.43,0,0,2,3,959,0
28916.73,0,0,0,4,1228,0
89887.47,1,0,1,4,173,1
27058.19,0,1,2,3,884,1
20197.77,0,0,1,3,1104,0
14456.52,0,1,0,3,227,0
32170.55,0,0,0,3,888,0
82103.99,0,1,0,2,1249,1
15257.97,1,0,0,6,480,1
3439.95,0,0,1,6,1441,0
20163.87,0,0,2,6,1126,0
3146.74,0,0,1,4,533,0
69548.46,0,1,1,5,345,1
49262.99,0,1,1,2,1497,1
78055.94,0,0,1,4,401,0
49904.44,1,0,0,4,400,0
6186.49,1,0,1,1,335,0
88232.31,0,0,2,2,632,0
60694.12,0,1,0,3,368,1
72146.45,0,0,1,2,738,0
38650.44,0,0,1,4,356,0
35656.78,0,1,1,4,92,0
58202.29,0,0,0,1,16,1
35485.94,1,1,6,3,696,1
53017.0,0,0,1,3,46,1
1342.39,0,0,2,1,646,0
89729.76,0,0,1,3,183,0
2000.38,0,0,1,1,1155,0
89723.07,1,0,0,1,237,1
81503.52,1,1,1,1,489,1
56534.72,1,0,0,3,146,1
2337.47,0,0,0,4,739,0
60305.55,0,0,3,2,1459,0
65252.0,0,0,0,2,76,1
88138.42,0,0,1,5,1363,1
25387.71,0,0,1,0,1459,0
40593.96,0,1,0,3,474,1
31240.87,0,0,0,2,645,0
28754.5,0,0,1,2,841,0
57222.41,1,1,1,4,478,1
42794.1,0,0,2,3,463,0
65776.21,0,0,1,5,574,1
54028.95,0,0,2,2,1423,0
91131.48,0,1,0,6,1261,1
52839.7,0,0,2,5,245,1
79203.6,0,1,2,2,304,1
78927.94,0,1,0,4,1289,0
70067.9,0,0,2,2,1166,1
82723.47,0,0,1,2,1245,1
10804.53,1,0,0,3,798,0
9954.93,0,0,1,4,641,0
51489.15,1,0,1,3,1020,0
75285.55,1,0,2,4,1401,0
49875.4,0,0,0,4,649,0
73143.67,0,0,3,3,20,1
70782.3,0,0,1,4,1464,0
25024.59,0,0,2,4,538,0
70608.19,0,0,0,2,769,0
65385.54,1,1,0,4,1420,1
89840.06,0,0,2,3,200,0
53620.11,0,0,3,2,296,1
16505.82,0,0,0,3,1484,0
73055.83,1,0,0,4,208,1
30806.7,1,0,0,2,555,0
63171.96,0,0,1,4,1276,1
96305.5,1,1,1,3,269,1
30989.46,0,0,0,3,65,0
7860.04,0,0,1,4,863,0
33255.14,0,0,1,0,354,0
93133.67,1,0,0,4,1409,1
24605.09,0,0,1,3,442,0
54936.55,0,0,0,3,84,1
65402.7,0,0,1,2,188,0
55975.87,1,1,1,1,1333,1
78507.37,0,0,2,3,757,0
37561.03,1,1,3,2,318,1
73060.13,0,1,1,2,1348,1
51276.47,1,0,0,3,800,1
36707.36,1,1,0,0,356,1
83484.23,0,0,0,2,1331,0
70664.34,0,0,1,0,637,0
68725.47,0,1,0,2,904,1
22121.95,0,0,0,2,1115,0
1964.95,0,1,0,3,645,0
90365.74,0,0,1,7,1181,0
16627.65,0,0,1,1,624,0
75085.99,0,0,0,2,393,0
52548.02,0,0,0,1,1204,0
45209.84,0,0,2,3,1149,0
74477.31,0,0,4,3,315,0
55334.79,0,0,0,1,614,0
74598.51,0,0,1,3,232,0
63900.26,1,0,3,4,132,1
50433.17,0,0,0,0,1290,0
35000.98,0,0,1,3,816,0
75454.84,0,0,0,2,281,0
14273.18,0,0,1,2,60,0
94329.86,1,0,1,3,453,1
59274.77,0,1,0,6,1244,1
98252.2,0,0,1,3,579,0
31348.82,0,0,0,1,1422,0
87292.32,0,0,1,2,1199,0
341.13,0,0,2,4,1310,0
2268.24,0,1,1,3,222,0
59998.31,0,0,0,3,1494,0
28972.42,0,0,1,6,1007,1
2025.27,0,1,1,1,644,0
58998.78,0,0,1,3,1327,0
9633.05,0,1,3,4,604,0
72199.88,0,1,0,3,1310,1
38168.35,0,0,1,5,737,1
33544.23,0,0,4,4,558,0
58900.42,0,0,2,5,569,1
54894.78,0,0,0,3,54,1
5034.27,0,0,2,7,128,0
55178.09,0,0,0,3,675,0
63841.41,0,1,2,1,1067,0
64038.9,0,0,2,4,212,0
97400.16,0,0,0,5,1172,1
36702.65,0,0,0,4,1065,0
55823.14,0,0,3,2,89,1
54974.73,0,0,0,4,16,1
32650.1,0,0,1,3,602,0
18739.86,0,0,0,2,1300,0
79170.48,1,0,0,8,591,1
76374.32,0,0,3,4,8,1
10694.49,0,0,3,5,37,0
44929.01,1,0,1,4,965,0
21178.24,0,0,1,5,1372,1
51237.66,0,0,1,1,881,0
24248.56,0,0,0,3,426,0
51967.8,0,0,2,1,1109,1
743.7,0,0,2,5,719,0
26010.46,0,0,2,5,750,1
89862.56,0,0,0,5,187,0
29124.48,0,1,0,0,1248,0
3545.31,1,1,1,3,990,1
74576.77,0,0,2,3,918,0
39354.01,0,0,1,3,1312,0
7953.45,0,0,0,2,545,0
26457.65,1,0,1,0,162,1
86520.64,1,0,0,1,657,1
27335.3,0,0,1,2,948,0
85003.76,1,1,0,3,1479,1
26617.28,0,0,1,3,1431,0
83040.7,0,0,2,5,170,1
19993.18,0,0,3,5,598,1
31889.27,0,0,2,4,689,0
85038.98,0,0,2,4,462,0
73835.47,1,0,2,1,466,1
90793.59,1,0,1,4,310,0
30035.59,0,0,1,1,152,0
65520.77,0,1,0,2,434,1
75126.13,0,0,1,4,70,1
34008.14,0,0,1,3,969,0
8193.31,0,0,0,2,1279,0
2430.79,0,1,0,3,433,0
88722.22,1,0,0,1,743,1
11638.56,0,1,2,5,377,1
53465.32,1,0,0,1,1450,0
67356.12,0,0,3,1,552,0
64016.74,0,1,1,6,1471,1
31468.82,1,0,0,8,1237,1
75517.41,0,0,1,2,333,0
25133.53,0,0,0,0,601,0
47331.09,1,0,1,4,589,0
56255.63,0,0,0,3,553,0
20452.5,1,0,1,3,168,1
13975.34,1,1,1,6,1492,1
64925.7,0,1,0,1,183,0
40642.77,0,0,0,3,1179,0
76012.72,0,0,1,5,1452,1
8040.77,0,0,2,3,18,0
13465.0,0,0,0,6,1278,0
39756.51,1,0,1,3,16,1
1715.83,0,0,0,5,653,0
88751.33,0,0,0,4,1051,0
40468.86,0,0,1,2,54,0
71988.62,0,0,2,2,1351,0
651.2,0,0,2,3,323,0
49957.16,1,0,1,1,199,1
57441.83,0,0,0,6,115,0
7522.81,0,0,2,1,1187,0
35943.26,0,1,2,5,293,1
23424.17,0,0,1,5,1325,1
75364.5,0,1,0,8,1380,1
44329.37,1,0,1,0,1400,1
42175.58,0,0,1,5,1269,1
25779.17,0,0,0,2,627,0
76623.85,0,0,4,2,490,1
14282.52,1,0,0,5,1206,1
1084.26,0,0,0,7,890,0
36683.01,0,0,1,3,403,0
97652.53,0,0,2,4,452,1
9450.75,0,0,0,5,528,0
43285.48,0,0,2,2,1118,0
89100.19,0,0,1,4,758,1
59812.6,0,0,3,5,698,1
1908.13,1,0,0,3,334,0
40956.99,1,0,1,1,212,0
13399.04,0,0,1,3,945,0
10251.09,1,0,3,3,752,0
82527.13,0,0,0,1,334,0
5705.18,0,0,3,3,1023,0
567.31,1,0,2,6,1174,1
338.77,0,0,1,2,50,0
25975.27,0,0,2,1,810,0
73530.13,0,0,2,4,607,0
52900.77,0,0,1,3,1056,0
96753.16,0,1,0,5,741,1
20002.86,0,0,0,4,1159,0
2254.98,1,0,1,2,432,0
11393.26,1,0,2,2,610,1
64345.37,1,0,1,7,81,1
33057.71,0,0,0,2,1198,0
77042.67,0,0,1,1,881,1
55968.25,0,0,0,6,92,0
47010.33,0,0,1,3,303,0
15205.62,0,0,2,3,213,0
24011.46,1,0,2,4,286,0
93138.38,1,0,0,1,605,1
69675.2,0,0,3,5,716,1
40070.39,0,0,2,4,18,1
7772.59,0,0,1,2,446,0
39281.13,0,0,0,1,968,0
58189.54,0,0,1,2,1027,1
14006.99,1,0,0,2,1159,0
8214.77,0,0,2,3,1141,0
68862.45,0,0,1,2,1263,0
99159.91,0,0,1,2,248,0
82303.72,0,0,0,4,298,0
35410.37,1,0,1,1,1005,0
91780.75,0,0,3,2,647,1
65502.14,0,0,0,1,1333,0
49863.33,1,0,1,3,302,1
98552.03,0,0,0,4,1055,0
79054.04,0,0,2,5,529,0
16243.5,1,0,1,3,498,0
34497.99,0,1,1,5,957,1
92407.6,0,0,1,3,123,1
11504.48,0,1,0,2,972,0
64926.98,1,0,0,3,315,1
16764.2,0,0,4,2,990,0
49735.05,1,0,0,4,313,0
63109.65,0,1,1,3,234,0
70332.94,0,0,0,3,696,0
10704.1,0,0,0,4,6,0
84758.07,0,0,0,3,159,0
76599.53,0,1,1,6,1315,1
14033.5,0,0,2,3,664,0
95167.4,0,0,5,4,683,0
90230.01,1,0,1,2,78,1
75693.34,0,0,1,1,779,0
51846.5,1,0,1,3,992,1
80062.03,1,0,3,4,1039,1
79065.56,0,1,2,4,780,1
81567.55,0,0,0,3,250,0
86084.25,0,0,1,4,780,1
78065.3,0,0,0,3,1244,0
40330.6,0,0,1,4,329,0
3941.65,0,1,2,0,1269,0
73139.04,0,1,0,1,784,0
21921.22,0,0,0,2,307,0
46189.23,0,0,0,2,109,0
90247.75,0,0,2,2,765,0
78619.15,0,0,2,3,914,1
99834.84,0,1,0,4,28,1
43934.72,0,1,1,1,1257,1
73886.62,0,0,1,3,106,0
95928.42,0,0,0,2,698,0
88523.54,0,0,1,1,114,0
13773.48,1,1,1,4,1034,0
72739.77,1,1,1,6,543,1
65941.77,0,0,3,2,1100,0
20756.91,0,1,1,2,275,0
28436.36,0,1,0,2,973,1
28342.87,0,0,0,1,1325,0
60005.59,0,0,1,5,1066,1
21090.98,0,0,3,4,961,0
90553.05,0,0,0,6,262,0
53377.64,0,0,1,4,1090,1
53972.56,0,0,0,2,763,0
13620.45,0,0,0,1,1366,0
50344.95,0,1,0,4,499,1
15933.06,0,0,0,3,994,0
39432.75,0,0,2,5,1131,0
70607.41,0,0,0,1,1254,0
84999.39,0,0,0,0,709,0
76682.58,0,0,3,2,97,1
70390.21,1,0,0,0,1160,0
90672.69,0,0,3,4,129,1
48026.34,0,0,0,3,1088,0
37279.44,1,0,0,1,345,1
24086.66,0,0,0,1,502,0
99304.44,0,0,0,5,618,1
28115.64,1,0,3,1,1123,1
57419.26,0,0,0,3,20,0
46560.48,0,0,1,3,373,0
57457.85,1,0,0,5,558,1
57084.42,0,0,0,4,51,0
22815.84,0,1,1,5,656,1
5728.57,0,0,2,2,930,0
18760.61,1,0,0,1,1367,0
85392.94,1,0,2,2,1325,1
64079.18,0,1,0,1,147,0
88092.1,1,0,0,2,261,1
53299.68,0,0,0,2,760,0
2730.86,0,0,2,1,1466,0
31728.52,0,0,0,5,272,0
76297.47,0,0,2,3,526,0
3534.24,0,0,2,5,582,0
16247.09,0,1,1,1,44,1
73434.54,0,1,0,1,233,1
74209.86,1,0,2,2,223,0
5547.66,0,1,3,2,115,1
45202.16,0,0,3,1,897,0
87042.88,0,0,0,1,542,0
73500.27,1,0,1,2,1414,1
39792.67,0,0,0,1,767,0
62128.0,0,0,0,5,302,0
77366.81,1,1,1,4,342,1
83593.68,0,0,0,3,288,0
7058.03,1,0,2,1,1125,0
54683.09,0,1,0,5,860,1
71975.36,1,1,0,3,1136,1
18071.65,0,0,0,0,17,0
36662.43,0,0,0,1,1480,0
92533.87,0,0,0,3,1426,0
59898.64,0,0,2,4,924,0
85178.28,0,0,1,2,425,0
51420.96,1,0,1,1,1397,0
57855.97,1,0,1,0,155,1
12743.84,0,0,0,4,491,0
28434.64,0,0,0,3,1315,0
73414.93,0,0,0,2,119,0
63971.0,1,0,0,2,1071,0
73826.24,1,1,1,3,1050,1
9587.34,1,0,2,1,1030,0
91342.94,0,1,0,3,1177,0
21477.26,0,1,1,1,588,1
61807.5,0,1,3,2,1005,1
32215.83,1,0,0,0,1020,0
61859.64,0,0,1,5,675,1
71259.78,0,0,0,0,990,0
38508.11,0,1,4,2,877,0
1634.81,0,1,1,2,720,0
60104.2,0,0,2,2,236,0
33007.44,1,0,1,2,706,0
16421.44,0,0,2,4,749,0
34747.16,0,0,3,4,522,0
86521.46,1,0,2,2,1414,0
44142.67,1,0,1,0,196,1
64208.85,0,0,1,3,934,1
80616.61,0,0,3,3,928,0
13338.15,0,0,1,4,308,0
7601.28,0,0,4,4,818,0
87053.3,0,0,1,6,796,1
25801.44,1,0,1,3,446,1
19572.94,0,0,3,3,873,0
55547.96,0,0,2,5,889,1
9123.82,0,0,2,1,1442,0
26595.83,1,0,0,3,488,1
6896.93,0,0,1,2,1114,0
19851.54,0,0,0,3,1316,0
77742.81,0,0,2,2,472,0
61722.23,0,1,0,3,37,1
68254.88,0,0,1,4,1286,0
21714.79,1,0,1,1,936,1
197.82,0,0,1,4,842,0
50911.44,0,1,2,3,1164,1
57663.12,0,1,1,4,453,0
53025.26,0,0,3,1,1222,1
36816.34,1,0,2,1,160,0
6381.22,1,0,0,1,1004,0
57665.74,0,1,0,1,1028,0
36452.88,1,1,0,2,795,1
12537.33,0,0,0,4,1039,0
56412.02,0,1,0,1,1234,0
35681.44,1,0,2,1,711,0
83720.71,0,1,0,4,894,1
20430.48,0,0,0,4,1165,0
57195.84,0,1,1,5,332,1
49895.95,0,0,4,5,1307,1
8279.12,1,1,1,4,656,1
89644.36,0,1,1,5,1412,1
75291.31,1,0,1,2,670,1
80300.34,0,0,0,2,1263,0
185.74,0,0,2,3,960,0
91606.05,0,0,0,1,392,0
73977.41,0,0,1,5,319,0
876.46,1,0,3,3,540,0
94855.34,0,0,1,2,225,1
85579.25,0,0,0,1,43,0
29804.98,1,0,1,3,1098,0
92388.73,0,0,2,0,243,0
79281.55,1,0,2,2,955,1
82000.18,1,0,2,5,1418,1
78468.23,0,0,2,4,312,0
8818.35,0,0,1,6,726,0
45612.96,0,0,3,2,1065,1
42829.59,1,0,0,4,1060,0
20757.58,0,0,1,1,870,0
59806.61,1,0,1,4,879,1
61445.67,0,0,2,2,82,1
22154.36,0,0,0,2,750,0
16847.66,1,0,0,3,480,0
17161.64,1,0,0,2,283,0
60586.14,0,0,0,4,214,0
32781.86,1,0,0,2,270,0
50653.63,0,0,1,1,1079,0
90239.05,0,0,1,4,751,0
53284.94,0,1,0,6,54,1
93804.51,0,0,1,1,1064,0
16819.54,0,0,0,5,433,0
4199.92,0,0,0,3,462,0
34605.64,0,0,0,2,1099,0
83383.85,0,0,0,4,906,0
62373.13,0,0,1,2,1132,0
31855.32,0,1,0,2,770,1
35437.25,1,0,0,4,1234,0
49468.87,0,0,1,3,414,0
14671.0,0,0,1,5,766,0
51324.2,0,0,1,3,877,0
87894.4,0,0,1,4,923,0
62344.97,1,0,0,3,1355,1
49703.39,1,0,0,6,350,1
28580.67,0,1,4,2,209,1
52177.67,0,0,0,0,1426,0
47579.62,0,1,0,6,459,1
16835.12,0,0,3,2,201,0
37082.66,0,1,1,4,1135,1
64415.88,0,0,1,1,140,0
29924.31,1,0,2,4,332,0
9272.74,0,0,1,2,905,0
53104.09,0,0,0,3,1430,0
46727.85,0,0,0,6,360,0
41392.99,0,0,2,2,766,0
33168.1,1,1,1,5,556,1
25224.7,0,0,1,3,35,1
48746.65,0,0,1,5,44,1
66542.74,1,0,1,2,1412,1
72543.36,0,0,1,3,1253,0
45360.32,0,0,1,2,1001,0
81338.71,0,0,0,2,1498,0
88595.02,0,1,2,3,928,0
24373.49,0,0,2,6,1330,1
19109.89,0,0,0,1,43,0
55175.93,0,1,1,3,848,1
84006.43,0,0,0,4,696,0
74055.57,0,0,1,0,630,0
5912.8,0,0,0,2,154,0
45474.87,0,0,0,2,882,0
92508.47,0,0,3,4,1384,0
49769.22,0,0,0,4,1209,0
98680.39,0,0,1,3,1226,0
18760.33,0,0,1,1,522,0
57338.36,0,0,2,3,678,1
34374.85,0,0,1,6,987,1
36598.55,0,0,2,0,172,0
67342.54,0,0,1,5,46,1
69429.33,0,1,0,4,825,0
44738.52,1,0,0,1,845,1
13352.05,0,0,3,5,692,1
3799.11,0,0,2,3,668,0
72085.69,0,0,2,1,493,1
65637.44,0,0,0,4,1045,0
98416.01,0,0,0,3,1466,0
71298.73,0,0,1,1,782,0
68354.05,0,0,3,2,1330,1
63195.24,0,0,2,2,245,0
60803.31,0,0,2,2,601,0
59182.8,0,1,0,6,296,1
70096.4,0,0,1,4,1068,1
52226.45,1,0,1,7,393,1
98847.96,0,1,1,1,1341,1
8165.64,0,1,4,10,556,1
19989.49,0,0,2,3,541,0
70071.26,1,0,0,3,501,0
64941.36,0,0,1,1,1405,0
24123.78,0,1,0,2,141,0
17179.7,0,1,1,3,305,0
26222.95,1,0,1,9,627,1
98402.92,1,0,1,3,782,0
42880.39,0,1,1,2,1498,1
6828.14,0,0,1,3,1195,0
2294.46,0,0,1,0,1012,0
22019.39,0,0,1,3,853,0
82230.93,0,0,1,6,547,1
24730.01,1,0,2,6,1444,1
59692.98,0,1,2,4,1160,1
66074.16,1,0,1,3,1179,0
8102.13,1,0,0,5,481,0
78510.19,0,0,1,6,467,1
23454.57,0,0,1,4,205,0
22183.18,0,0,1,3,692,0
18757.96,0,0,1,0,67,0
15646.08,1,0,0,3,112,0
46974.55,0,1,4,0,367,1
72573.22,0,0,3,0,1133,1
96061.77,0,0,3,1,987,1
97254.02,0,0,1,5,2,1
16039.63,0,0,3,7,437,1
92104.54,0,0,2,2,647,1
44964.01,0,0,0,3,1401,0
49462.79,0,0,0,3,900,0
49828.35,0,0,2,4,686,0
88612.31,0,0,1,2,387,0
46378.32,0,0,0,4,855,0
14772.43,1,0,1,4,175,0
84724.27,1,0,2,5,1194,1
5201.28,1,0,1,2,871,0
37120.65,1,0,0,0,465,0
26559.63,0,0,0,10,451,1
70701.96,0,0,0,4,664,0
80318.08,0,1,1,3,1481,1
27419.63,0,1,0,2,496,0
97820.04,1,0,2,2,59,1
45098.36,0,0,6,3,1454,0
65830.18,0,0,0,3,1022,0
55794.61,0,0,1,6,803,1
71374.68,0,0,1,7,311,1
38072.27,0,0,2,7,1229,0
61016.89,0,0,0,1,199,0
61253.09,0,0,3,0,1100,0
98961.18,0,0,1,8,201,0
55218.34,0,1,0,5,934,1
82089.36,1,0,2,1,629,1
73938.12,1,0,0,2,660,0
7173.35,1,1,2,2,1347,0
50556.68,0,0,1,6,546,0
64871.31,0,0,0,4,1304,0
52885.98,0,0,1,6,422,1
81108.91,1,1,2,9,419,1
74376.11,0,0,1,5,652,1
87251.52,1,0,0,3,708,0
29668.08,0,0,0,3,897,0
80639.12,0,0,1,1,211,1
34762.83,0,0,0,1,951,0
67273.53,0,0,2,5,50,1
90719.75,0,0,1,3,1251,0
32554.15,0,0,1,4,146,0
6692.11,1,0,0,3,849,0
7277.67,0,0,0,7,1108,0
60917.56,0,0,0,1,969,0
11120.72,0,1,1,5,136,1
88931.93,0,1,1,5,472,1
75012.15,0,0,0,3,1027,0
26735.73,0,0,0,5,1331,0
50804.17,1,1,1,6,514,1
61301.43,0,0,1,6,289,1
51317.37,0,0,0,0,306,0
98487.79,0,0,3,4,610,0
71907.61,0,0,2,3,1498,0
6910.45,0,0,1,5,659,0
31256.81,0,0,2,1,179,0
43481.51,1,0,1,0,1461,1
16290.83,0,0,0,2,1150,0
73738.54,0,1,2,3,450,1
32793.34,0,0,0,4,235,0
63760.23,1,0,0,0,420,0
69828.96,1,1,0,2,57,1
77409.2,0,0,3,4,1076,1
44099.66,1,0,0,2,58,0
75578.36,1,0,0,3,1011,1
89770.02,0,0,3,2,961,0
72490.65,0,1,1,2,959,1
81627.16,1,0,3,3,141,1
13839.77,0,1,0,5,145,1
92485.29,0,0,1,7,1274,1
75128.8,1,1,1,1,209,1
58656.8,1,0,0,1,499,1
85756.47,1,0,0,3,1008,1
33743.7,0,1,0,5,963,0
37817.34,0,0,2,4,1171,0
16462.35,0,0,1,3,52,0
24446.76,0,0,1,3,1408,0
78829.31,0,0,2,3,1318,0
38557.11,0,0,1,3,525,0
65035.56,0,0,2,3,397,0
86815.19,1,0,0,2,814,1
70230.33,0,0,0,3,1211,0
11603.65,0,0,0,6,1461,0
92166.66,0,0,0,3,360,0
36706.44,0,0,0,3,1093,0
23761.76,0,0,1,2,1297,0
44913.11,0,0,0,2,1049,0
60745.58,0,0,2,1,520,0
68321.07,0,0,0,3,665,0
98049.34,0,0,0,5,1041,1
63512.41,0,0,2,5,1483,1
57592.02,0,0,1,3,1038,0
66975.62,0,0,1,4,199,1
55405.25,0,1,2,4,1047,1
14863.21,0,0,1,6,1250,1
6793.51,1,0,2,1,1059,0
86080.75,1,0,1,5,532,1
32539.09,1,0,2,1,510,1
85770.25,0,0,2,5,1332,0
28034.16,0,0,1,4,8,0
82205.96,1,0,0,2,1390,1
87247.84,0,0,2,5,823,1
91696.18,0,1,0,2,403,1
86670.86,0,0,1,4,385,0
87946.02,0,1,3,7,909,1
70135.58,0,0,0,7,778,1
39140.92,0,0,0,2,70,0
78359.58,0,0,3,7,1462,1
4182.49,0,0,3,4,1268,0
81717.72,0,0,2,4,1236,0
44585.58,0,1,1,3,878,0
57707.5,0,0,0,3,718,0
58920.22,1,0,1,2,809,1
43644.19,0,1,1,3,571,1
50230.44,0,0,0,1,1321,0
89932.5,0,0,2,4,201,0
73552.8,0,0,1,3,427,0
57473.82,0,0,1,3,304,1
47802.37,1,0,1,2,109,1
68162.96,1,1,1,5,322,1
83629.81,0,0,0,7,325,1
48843.58,0,0,1,2,520,0
74733.38,0,0,1,1,993,1
5806.56,1,1,0,4,1326,0
33440.41,0,0,3,3,419,0
30467.94,0,0,1,7,1100,0
77015.01,0,0,1,3,412,1
78081.58,1,1,0,0,1288,1
40219.4,0,0,2,4,286,0
14865.66,0,0,0,2,1286,0
10038.9,0,1,0,1,562,0
68695.67,0,1,2,1,659,1
86834.18,0,0,1,7,1409,0
39132.71,0,0,1,5,129,1
59572.47,0,0,1,5,954,1
57945.53,0,0,0,2,1371,0
55827.03,0,0,0,2,770,0
6431.65,0,0,1,2,1332,0
20204.41,0,0,1,4,758,0
90322.41,0,0,1,3,668,0
76922.4,0,0,1,2,133,0
89292.61,0,0,0,6,345,0
49366.12,1,0,3,2,453,1
54287.54,0,0,0,1,1096,0
90057.13,0,0,0,4,498,0
15586.86,0,0,0,4,19,0
48160.48,0,0,1,0,771,0
9697.4,1,0,1,2,45,0
62483.82,1,0,0,5,285,1
84067.06,0,0,0,6,1087,0
57624.42,0,0,0,6,1075,1
44786.38,0,0,0,2,559,0
22212.81,0,1,2,3,898,1
18995.79,0,1,0,3,750,0
19413.37,0,0,2,3,1301,0
83100.83,0,0,2,1,37,0
68743.73,0,0,1,5,657,0
85495.28,1,1,0,1,1069,1
91368.64,0,0,1,1,1298,0
69081.46,1,1,1,5,764,1
97888.11,0,0,0,4,718,0
85699.89,0,0,3,1,691,0
44141.87,1,0,3,3,183,1
58648.83,0,0,0,3,724,0
15088.99,0,1,0,2,828,0
4231.58,1,0,0,4,1316,0
17493.56,0,0,0,2,1232,0
87762.61,0,0,0,3,772,0
59833.92,0,0,0,1,306,0
33437.95,0,0,0,2,482,0
82486.86,0,0,2,2,889,0
56312.38,0,0,1,3,1298,1
4947.67,0,1,0,2,430,0
8238.82,0,0,0,0,1109,0
75057.19,1,0,1,5,933,1
24011.21,0,1,1,5,1213,1
54767.86,0,1,2,2,1066,1
51223.27,0,0,1,2,25,1
10420.54,0,0,2,2,964,0
91671.68,0,0,0,1,30,1
10704.26,0,1,0,5,1057,0
91301.89,1,0,0,2,662,0
89517.82,0,0,1,1,51,0
89800.81,0,1,1,1,563,1
48131.78,1,0,2,5,581,1
91623.03,0,0,3,3,836,1
38232.62,0,1,2,2,63,1
44855.79,0,0,0,2,468,0
36360.1,1,0,3,5,1132,1
33231.44,0,0,2,3,370,0
76643.44,1,0,1,1,32,1
94171.57,1,1,0,4,1355,1
70960.11,0,0,1,3,585,0
6117.83,1,1,1,3,1462,1
2843.43,1,1,1,4,371,1
6713.06,0,0,1,4,211,0
14595.46,0,0,0,1,1110,0
91424.06,0,0,0,0,9,1
52913.71,0,0,1,1,725,0
68817.32,0,0,1,5,1321,1
81164.56,1,0,1,1,1025,1
21064.15,1,0,1,3,74,0
73398.55,0,0,1,3,1285,0
6340.66,0,0,0,3,609,0
24387.74,0,0,1,4,1453,0
18533.51,0,0,1,6,990,0
16704.17,0,1,0,2,24,1
10010.23,0,0,2,3,1264,0
30757.45,1,0,1,3,402,1
61034.12,0,0,0,1,72,0
70693.02,0,0,0,1,551,0
93076.15,0,0,0,5,233,0
60791.48,1,0,0,4,680,0
89222.0,0,0,3,10,745,1
57308.68,0,0,1,5,1112,0
3093.89,0,0,1,6,1033,0
86583.26,1,0,1,3,1332,1
65038.51,1,0,0,5,386,1
43663.98,1,0,1,5,145,1
78280.95,0,0,0,3,1129,0
41121.3,1,0,1,1,1209,1
85640.95,0,0,1,1,457,0
88664.65,1,1,1,3,426,1
62584.53,0,0,0,1,1186,0
3809.9,0,0,1,3,1242,0
91379.2,0,0,2,2,699,0
6825.26,0,1,2,2,869,0
83824.33,1,0,2,3,58,1
62007.33,0,1,0,3,656,0
4449.66,1,0,1,1,170,0
23637.77,0,0,1,0,559,0
47879.47,0,0,1,3,1430,0
20649.74,0,0,1,2,1176,0
96957.67,0,1,1,5,1082,1
89386.84,0,0,3,1,479,0
12535.78,0,0,0,3,988,0
21948.33,0,0,1,6,630,1
47805.86,0,0,0,5,367,1
41534.79,0,0,3,2,366,0
54294.87,0,0,2,7,1382,1
66853.48,0,0,1,4,899,0
41000.84,0,0,1,5,228,1
76709.1,0,1,0,2,241,1
41389.67,0,0,0,2,1373,0
91170.42,0,0,1,1,985,0
71960.81,0,0,1,3,112,0
58873.38,0,0,1,4,903,1
82193.5,0,0,0,4,1328,0
35839.55,0,0,0,4,1373,0
94064.29,1,0,0,4,1120,0
24182.25,1,0,1,1,30,1
71843.16,0,0,2,2,127,0
17392.72,0,0,0,3,304,0
20268.9,0,1,0,6,50,1
34130.27,0,0,2,5,839,0
34602.04,0,0,0,1,1028,0
19829.82,0,0,2,4,1461,0
84436.56,1,0,0,1,659,1
88446.19,0,0,2,4,858,0
79600.25,0,0,2,4,995,0
12231.92,0,0,2,6,753,0
70444.69,0,1,1,3,1468,0
69574.47,0,0,3,2,1004,1
14858.19,0,0,0,5,1108,0
28097.58,0,0,0,4,330,0
65724.73,1,1,2,6,1233,1
97880.53,0,0,0,3,765,0
588.77,0,0,1,4,154,0
12357.22,0,0,1,6,1009,0
49644.43,0,0,2,1,53,0
1627.31,1,0,0,4,34,0
45112.41,0,0,3,3,551,0
10323.3,0,0,1,4,1316,0
53138.99,0,0,0,1,1164,0
12834.31,0,0,3,3,1441,0
57253.56,0,0,1,1,1101,1
99009.0,0,0,1,5,771,0
49067.05,0,0,0,4,907,0
96673.65,0,0,0,1,346,0
82401.11,1,0,0,2,1257,0
80840.02,0,0,0,6,405,1
41639.68,0,0,1,4,1336,0
1947.74,0,1,0,4,1047,0
31856.92,0,0,2,8,169,0
14497.15,1,0,1,0,160,0
11466.08,0,0,1,3,65,0
98276.69,0,0,1,1,337,0
92236.96,0,1,1,2,1290,1
93312.73,1,0,1,3,956,0
42588.82,0,0,0,5,243,0
1753.15,0,1,0,5,1203,0
35821.11,0,0,2,3,157,0
31752.34,0,0,0,2,1068,0
2434.09,0,0,0,2,791,0
73056.79,0,0,0,4,765,0
69741.81,0,0,1,5,1240,1
72753.74,1,0,3,3,102,1
41654.64,0,0,0,5,1407,0
98326.89,0,0,1,4,981,0
51884.58,0,0,1,0,172,0
